gid,event,inning,top_bot,vis_home,site,batteam,pitteam,score_v,score_h,batter,pitcher,lp,bat_f,bathand,pithand,balls,strikes,count,pitches,nump,pa,ab,single,double,triple,hr,sh,sf,hbp,walk,k,xi,roe,fc,othout,noout,oth,bip,bunt,ground,fly,line,iw,gdp,othdp,tp,fle,wp,pb,bk,oa,di,sb2,sb3,sbh,cs2,cs3,csh,pko1,pko2,pko3,k_safe,e1,e2,e3,e4,e5,e6,e7,e8,e9,outs_pre,outs_post,br1_pre,br2_pre,br3_pre,br1_post,br2_post,br3_post,lob_id1,lob_id2,lob_id3,pr1_pre,pr2_pre,pr3_pre,pr1_post,pr2_post,pr3_post,run_b,run1,run2,run3,prun_b,prun1,prun2,prun3,ur_b,ur1,ur2,ur3,rbi_b,rbi1,rbi2,rbi3,runs,rbi,er,tur,l1,l2,l3,l4,l5,l6,l7,l8,l9,lf1,lf2,lf3,lf4,lf5,lf6,lf7,lf8,lf9,f2,f3,f4,f5,f6,f7,f8,f9,po0,po1,po2,po3,po4,po5,po6,po7,po8,po9,a1,a2,a3,a4,a5,a6,a7,a8,a9,fseq,batout1,batout2,batout3,brout_b,brout1,brout2,brout3,firstf,loc,hittype,dpopp,pivot,pn,umphome,ump1b,ump2b,ump3b,umplf,umprf,date,gametype,pbp,home_team_league,visiting_team_league
BLF191504100,K,1,0,0,BAL10,NEW,BLF,0,0,whitg103,quinj102,1,9,B,R,,,??,,,1,1,0,0,0,0,0,0,0,0,1,0,0,0,0,0,0,0,0,0,0,0,0,0,0,0,0,0,0,0,0,0,0,0,0,0,0,0,0,0,0,0,0,0,0,0,0,0,0,0,0,0,1,,,,,,,,,,,,,,,,,,,,,,,,0,0,0,0,0,0,0,0,0,0,0,0,whitg103,mckeb101,rouse101,lapof101,schag101,esmoj101,schea102,huhne101,falkc101,9,5,8,4,3,6,7,2,1,owenf101,swach101,knabo101,walsj101,doolm101,zinng101,duncv101,meyeb103,0,0,1,0,0,0,0,0,0,0,0,0,0,0,0,0,0,0,0,2,0,0,0,0,0,0,0,0,,,0,0,1,mccob104,westf901,,,,,19150410,regular,full,FL,FL
BLF191504100,8/L,1,0,0,BAL10,NEW,BLF,0,0,mckeb101,quinj102,2,5,B,R,,,??,,,1,1,0,0,0,0,0,0,0,0,0,0,0,0,1,0,1,1,0,0,0,1,0,0,0,0,0,0,0,0,0,0,0,0,0,0,0,0,0,0,0,0,0,0,0,0,0,0,0,0,0,1,2,,,,,,,,,,,,,,,,,,,,,,,,0,0,0,0,0,0,0,0,0,0,0,0,whitg103,mckeb101,rouse101,lapof101,schag101,esmoj101,schea102,huhne101,falkc101,9,5,8,4,3,6,7,2,1,owenf101,swach101,knabo101,walsj101,doolm101,zinng101,duncv101,meyeb103,0,0,0,0,0,0,0,0,1,0,0,0,0,0,0,0,0,0,0,8,8,0,0,0,0,0,0,8,,L,0,0,2,mccob104,westf901,,,,,19150410,regular,full,FL,FL
BLF191504100,63,1,0,0,BAL10,NEW,BLF,0,0,rouse101,quinj102,3,8,L,R,,,??,,,1,1,0,0,0,0,0,0,0,0,0,0,0,0,1,0,1,1,0,1,0,0,0,0,0,0,0,0,0,0,0,0,0,0,0,0,0,0,0,0,0,0,0,0,0,0,0,0,0,0,0,2,3,,,,,,,,,,,,,,,,,,,,,,,,0,0,0,0,0,0,0,0,0,0,0,0,whitg103,mckeb101,rouse101,lapof101,schag101,esmoj101,schea102,huhne101,falkc101,9,5,8,4,3,6,7,2,1,owenf101,swach101,knabo101,walsj101,doolm101,zinng101,duncv101,meyeb103,0,0,0,1,0,0,0,0,0,0,0,0,0,0,0,1,0,0,0,63,6,0,0,0,0,0,0,6,3+,G,0,0,3,mccob104,westf901,,,,,19150410,regular,full,FL,FL
BLF191504100,S/L89,1,1,1,BAL10,BLF,NEW,0,0,meyeb103,falkc101,1,9,R,R,,,??,,,1,1,1,0,0,0,0,0,0,0,0,0,0,0,0,0,0,1,0,0,0,1,0,0,0,0,0,0,0,0,0,0,0,0,0,0,0,0,0,0,0,0,0,0,0,0,0,0,0,0,0,0,0,,,,meyeb103,,,,,,,,,falkc101,,,,,,,,,,,0,0,0,0,0,0,0,0,0,0,0,0,meyeb103,knabo101,duncv101,zinng101,swach101,walsj101,doolm101,owenf101,quinj102,9,4,8,7,3,5,6,2,1,huhne101,schag101,lapof101,mckeb101,esmoj101,schea102,rouse101,whitg103,0,0,0,0,0,0,0,0,0,0,0,0,0,0,0,0,0,0,0,,0,0,0,0,0,0,0,8,89+,L,0,0,4,mccob104,westf901,,,,,19150410,regular,full,FL,FL
BLF191504100,S2/BG.1-2,1,1,1,BAL10,BLF,NEW,0,0,knabo101,falkc101,2,4,R,R,,,??,,,1,1,1,0,0,0,0,0,0,0,0,0,0,0,0,0,0,1,1,0,0,0,0,0,0,0,0,0,0,0,0,0,0,0,0,0,0,0,0,0,0,0,0,0,0,0,0,0,0,0,0,0,0,meyeb103,,,knabo101,meyeb103,,,,,falkc101,,,falkc101,falkc101,,,,,,,,,,0,0,0,0,0,0,0,0,0,0,0,0,meyeb103,knabo101,duncv101,zinng101,swach101,walsj101,doolm101,owenf101,quinj102,9,4,8,7,3,5,6,2,1,huhne101,schag101,lapof101,mckeb101,esmoj101,schea102,rouse101,whitg103,0,0,0,0,0,0,0,0,0,0,0,0,0,0,0,0,0,0,0,,0,0,0,0,0,0,0,2,,BG,0,0,5,mccob104,westf901,,,,,19150410,regular,full,FL,FL
BLF191504100,25(2)/FO/BG.1-2,1,1,1,BAL10,BLF,NEW,0,0,duncv101,falkc101,3,8,L,R,,,??,,,1,1,0,0,0,0,0,0,0,0,0,0,0,0,1,0,1,1,1,0,0,0,0,0,0,0,0,0,0,0,0,0,0,0,0,0,0,0,0,0,0,0,0,0,0,0,0,0,0,0,0,0,1,knabo101,meyeb103,,duncv101,knabo101,,,,,falkc101,falkc101,,falkc101,falkc101,,,,,,,,,,0,0,0,0,0,0,0,0,0,0,0,0,meyeb103,knabo101,duncv101,zinng101,swach101,walsj101,doolm101,owenf101,quinj102,9,4,8,7,3,5,6,2,1,huhne101,schag101,lapof101,mckeb101,esmoj101,schea102,rouse101,whitg103,0,0,0,0,0,1,0,0,0,0,0,1,0,0,0,0,0,0,0,25,2,0,0,0,0,0,0,2,,BG,0,0,6,mccob104,westf901,,,,,19150410,regular,full,FL,FL
BLF191504100,S5/G.2-3;1-2,1,1,1,BAL10,BLF,NEW,0,0,zinng101,falkc101,4,7,L,R,,,??,,,1,1,1,0,0,0,0,0,0,0,0,0,0,0,0,0,0,1,0,1,0,0,0,0,0,0,0,0,0,0,0,0,0,0,0,0,0,0,0,0,0,0,0,0,0,0,0,0,0,0,0,1,1,duncv101,knabo101,,zinng101,duncv101,knabo101,,,,falkc101,falkc101,,falkc101,falkc101,falkc101,,,,,,,,,0,0,0,0,0,0,0,0,0,0,0,0,meyeb103,knabo101,duncv101,zinng101,swach101,walsj101,doolm101,owenf101,quinj102,9,4,8,7,3,5,6,2,1,huhne101,schag101,lapof101,mckeb101,esmoj101,schea102,rouse101,whitg103,0,0,0,0,0,0,0,0,0,0,0,0,0,0,0,0,0,0,0,,0,0,0,0,0,0,0,5,,G,0,0,7,mccob104,westf901,,,,,19150410,regular,full,FL,FL
BLF191504100,6(1)/FO.3-H;2-3,1,1,1,BAL10,BLF,NEW,0,0,swach101,falkc101,5,3,R,R,,,??,,,1,1,0,0,0,0,0,0,0,0,0,0,0,0,1,0,1,1,0,1,0,0,0,0,0,0,0,0,0,0,0,0,0,0,0,0,0,0,0,0,0,0,0,0,0,0,0,0,0,0,0,1,2,zinng101,duncv101,knabo101,swach101,,duncv101,,,,falkc101,falkc101,falkc101,falkc101,,falkc101,,,,knabo101,,,,falkc101,0,0,0,0,0,0,0,1,1,1,1,0,meyeb103,knabo101,duncv101,zinng101,swach101,walsj101,doolm101,owenf101,quinj102,9,4,8,7,3,5,6,2,1,huhne101,schag101,lapof101,mckeb101,esmoj101,schea102,rouse101,whitg103,0,0,0,0,0,0,1,0,0,0,0,0,0,0,0,0,0,0,0,6,6,0,0,0,0,0,0,6,,G,1,6,8,mccob104,westf901,,,,,19150410,regular,full,FL,FL
BLF191504100,SBH;SB2,1,1,1,BAL10,BLF,NEW,0,1,walsj101,falkc101,6,5,R,R,,,??,,,0,0,0,0,0,0,0,0,0,0,0,0,0,0,0,0,0,0,0,0,0,0,0,0,0,0,0,0,0,0,0,0,1,0,1,0,0,0,0,0,0,0,0,0,0,0,0,0,0,0,0,2,2,swach101,,duncv101,,swach101,,,,,falkc101,,falkc101,,falkc101,,,,,duncv101,,,,falkc101,0,0,0,0,0,0,0,0,1,0,1,0,meyeb103,knabo101,duncv101,zinng101,swach101,walsj101,doolm101,owenf101,quinj102,9,4,8,7,3,5,6,2,1,huhne101,schag101,lapof101,mckeb101,esmoj101,schea102,rouse101,whitg103,0,0,0,0,0,0,0,0,0,0,0,0,0,0,0,0,0,0,0,,0,0,0,0,0,0,0,0,,,0,0,9,mccob104,westf901,,,,,19150410,regular,full,FL,FL
BLF191504100,FC5.2X3(564546),1,1,1,BAL10,BLF,NEW,0,2,walsj101,falkc101,6,5,R,R,,,??,,,1,1,0,0,0,0,0,0,0,0,0,0,0,1,0,0,0,1,0,1,0,0,0,0,0,0,0,0,0,0,0,0,0,0,0,0,0,0,0,0,0,0,0,0,0,0,0,0,0,0,0,2,3,,swach101,,,,,walsj101,,,,falkc101,,,,,,,,,,,,,0,0,0,0,0,0,0,0,0,0,0,0,meyeb103,knabo101,duncv101,zinng101,swach101,walsj101,doolm101,owenf101,quinj102,9,4,8,7,3,5,6,2,1,huhne101,schag101,lapof101,mckeb101,esmoj101,schea102,rouse101,whitg103,0,0,0,0,0,0,1,0,0,0,0,0,0,1,1,1,0,0,0,564546,0,0,0,0,0,5,0,5,5+,G,0,0,10,mccob104,westf901,,,,,19150410,regular,full,FL,FL
BLF191504100,S8,2,0,0,BAL10,NEW,BLF,0,2,lapof101,quinj102,4,4,R,R,,,??,,,1,1,1,0,0,0,0,0,0,0,0,0,0,0,0,0,0,1,0,0,0,0,0,0,0,0,0,0,0,0,0,0,0,0,0,0,0,0,0,0,0,0,0,0,0,0,0,0,0,0,0,0,0,,,,lapof101,,,,,,,,,quinj102,,,,,,,,,,,0,0,0,0,0,0,0,0,0,0,0,0,whitg103,mckeb101,rouse101,lapof101,schag101,esmoj101,schea102,huhne101,falkc101,9,5,8,4,3,6,7,2,1,owenf101,swach101,knabo101,walsj101,doolm101,zinng101,duncv101,meyeb103,0,0,0,0,0,0,0,0,0,0,0,0,0,0,0,0,0,0,0,,0,0,0,0,0,0,0,8,8+,,0,0,11,mccob104,westf901,,,,,19150410,regular,full,FL,FL
BLF191504100,S7.1-2,2,0,0,BAL10,NEW,BLF,0,2,schag101,quinj102,5,3,R,R,,,??,,,1,1,1,0,0,0,0,0,0,0,0,0,0,0,0,0,0,1,0,0,0,0,0,0,0,0,0,0,0,0,0,0,0,0,0,0,0,0,0,0,0,0,0,0,0,0,0,0,0,0,0,0,0,lapof101,,,schag101,lapof101,,,,,quinj102,,,quinj102,quinj102,,,,,,,,,,0,0,0,0,0,0,0,0,0,0,0,0,whitg103,mckeb101,rouse101,lapof101,schag101,esmoj101,schea102,huhne101,falkc101,9,5,8,4,3,6,7,2,1,owenf101,swach101,knabo101,walsj101,doolm101,zinng101,duncv101,meyeb103,0,0,0,0,0,0,0,0,0,0,0,0,0,0,0,0,0,0,0,,0,0,0,0,0,0,0,7,7+,,0,0,12,mccob104,westf901,,,,,19150410,regular,full,FL,FL
BLF191504100,34/SH.2-3;1-2,2,0,0,BAL10,NEW,BLF,0,2,esmoj101,quinj102,6,6,R,R,,,??,,,1,0,0,0,0,0,1,0,0,0,0,0,0,0,0,0,0,1,1,0,0,0,0,0,0,0,0,0,0,0,0,0,0,0,0,0,0,0,0,0,0,0,0,0,0,0,0,0,0,0,0,0,1,schag101,lapof101,,,schag101,lapof101,,,,quinj102,quinj102,,,quinj102,quinj102,,,,,,,,,0,0,0,0,0,0,0,0,0,0,0,0,whitg103,mckeb101,rouse101,lapof101,schag101,esmoj101,schea102,huhne101,falkc101,9,5,8,4,3,6,7,2,1,owenf101,swach101,knabo101,walsj101,doolm101,zinng101,duncv101,meyeb103,0,0,0,0,1,0,0,0,0,0,0,0,1,0,0,0,0,0,0,34,3,0,0,0,0,0,0,3,,BG,0,0,13,mccob104,westf901,,,,,19150410,regular,full,FL,FL
BLF191504100,DGR/9.3-H;2-H,2,0,0,BAL10,NEW,BLF,0,2,schea102,quinj102,7,7,L,R,,,??,,,1,1,0,1,0,0,0,0,0,0,0,0,0,0,0,0,0,1,0,0,0,0,0,0,0,0,0,0,0,0,0,0,0,0,0,0,0,0,0,0,0,0,0,0,0,0,0,0,0,0,0,1,1,,schag101,lapof101,,schea102,,,,,,quinj102,quinj102,,quinj102,,,,schag101,lapof101,,,quinj102,quinj102,0,0,0,0,0,0,1,1,2,2,2,0,whitg103,mckeb101,rouse101,lapof101,schag101,esmoj101,schea102,huhne101,falkc101,9,5,8,4,3,6,7,2,1,owenf101,swach101,knabo101,walsj101,doolm101,zinng101,duncv101,meyeb103,0,0,0,0,0,0,0,0,0,0,0,0,0,0,0,0,0,0,0,,0,0,0,0,0,0,0,9,9+,,0,0,14,mccob104,westf901,,,,,19150410,regular,full,FL,FL
BLF191504100,9/F.2-3,2,0,0,BAL10,NEW,BLF,2,2,huhne101,quinj102,8,2,R,R,,,??,,,1,1,0,0,0,0,0,0,0,0,0,0,0,0,1,0,1,1,0,0,1,0,0,0,0,0,0,0,0,0,0,0,0,0,0,0,0,0,0,0,0,0,0,0,0,0,0,0,0,0,0,1,2,,schea102,,,,schea102,,,,,quinj102,,,,quinj102,,,,,,,,,0,0,0,0,0,0,0,0,0,0,0,0,whitg103,mckeb101,rouse101,lapof101,schag101,esmoj101,schea102,huhne101,falkc101,9,5,8,4,3,6,7,2,1,owenf101,swach101,knabo101,walsj101,doolm101,zinng101,duncv101,meyeb103,0,0,0,0,0,0,0,0,0,1,0,0,0,0,0,0,0,0,0,9,9,0,0,0,0,0,0,9,,F,0,0,15,mccob104,westf901,,,,,19150410,regular,full,FL,FL
BLF191504100,E1/TH.3-H(NR)(UR),2,0,0,BAL10,NEW,BLF,2,2,falkc101,quinj102,9,1,R,R,,,??,,,1,1,0,0,0,0,0,0,0,0,0,0,1,0,0,0,0,1,0,1,0,0,0,0,0,0,0,0,0,0,0,0,0,0,0,0,0,0,0,0,0,0,1,0,0,0,0,0,0,0,0,2,2,,,schea102,falkc101,,,,,,,,quinj102,quinj102,,,,,,schea102,,,,quinj102,0,0,0,1,0,0,0,0,1,0,0,0,whitg103,mckeb101,rouse101,lapof101,schag101,esmoj101,schea102,huhne101,falkc101,9,5,8,4,3,6,7,2,1,owenf101,swach101,knabo101,walsj101,doolm101,zinng101,duncv101,meyeb103,0,0,0,0,0,0,0,0,0,0,0,0,0,0,0,0,0,0,0,,0,0,0,0,0,0,0,1,1+,G,0,0,16,mccob104,westf901,,,,,19150410,regular,full,FL,FL
BLF191504100,13,2,0,0,BAL10,NEW,BLF,3,2,whitg103,quinj102,1,9,B,R,,,??,,,1,1,0,0,0,0,0,0,0,0,0,0,0,0,1,0,1,1,0,1,0,0,0,0,0,0,0,0,0,0,0,0,0,0,0,0,0,0,0,0,0,0,0,0,0,0,0,0,0,0,0,2,3,falkc101,,,,,,falkc101,,,quinj102,,,,,,,,,,,,,,0,0,0,0,0,0,0,0,0,0,0,0,whitg103,mckeb101,rouse101,lapof101,schag101,esmoj101,schea102,huhne101,falkc101,9,5,8,4,3,6,7,2,1,owenf101,swach101,knabo101,walsj101,doolm101,zinng101,duncv101,meyeb103,0,0,0,1,0,0,0,0,0,0,1,0,0,0,0,0,0,0,0,13,1,0,0,0,0,0,0,1,13+,G,0,0,17,mccob104,westf901,,,,,19150410,regular,full,FL,FL
BLF191504100,HP,2,1,1,BAL10,BLF,NEW,3,2,doolm101,falkc101,7,6,R,R,,,??,,,1,0,0,0,0,0,0,0,1,0,0,0,0,0,0,0,0,0,0,0,0,0,0,0,0,0,0,0,0,0,0,0,0,0,0,0,0,0,0,0,0,0,0,0,0,0,0,0,0,0,0,0,0,,,,doolm101,,,,,,,,,falkc101,,,,,,,,,,,0,0,0,0,0,0,0,0,0,0,0,0,meyeb103,knabo101,duncv101,zinng101,swach101,walsj101,doolm101,owenf101,quinj102,9,4,8,7,3,5,6,2,1,huhne101,schag101,lapof101,mckeb101,esmoj101,schea102,rouse101,whitg103,0,0,0,0,0,0,0,0,0,0,0,0,0,0,0,0,0,0,0,,0,0,0,0,0,0,0,0,,,0,0,18,mccob104,westf901,,,,,19150410,regular,full,FL,FL
BLF191504100,13/SH.1-2,2,1,1,BAL10,BLF,NEW,3,2,owenf101,falkc101,8,2,R,R,,,??,,,1,0,0,0,0,0,1,0,0,0,0,0,0,0,0,0,0,1,1,0,0,0,0,0,0,0,0,0,0,0,0,0,0,0,0,0,0,0,0,0,0,0,0,0,0,0,0,0,0,0,0,0,1,doolm101,,,,doolm101,,,,,falkc101,,,,falkc101,,,,,,,,,,0,0,0,0,0,0,0,0,0,0,0,0,meyeb103,knabo101,duncv101,zinng101,swach101,walsj101,doolm101,owenf101,quinj102,9,4,8,7,3,5,6,2,1,huhne101,schag101,lapof101,mckeb101,esmoj101,schea102,rouse101,whitg103,0,0,0,1,0,0,0,0,0,0,1,0,0,0,0,0,0,0,0,13,1,0,0,0,0,0,0,1,,BG,0,0,19,mccob104,westf901,,,,,19150410,regular,full,FL,FL
BLF191504100,FC1.2X3(15);B-1,2,1,1,BAL10,BLF,NEW,3,2,quinj102,falkc101,9,1,R,R,,,??,,,1,1,0,0,0,0,0,0,0,0,0,0,0,1,0,0,0,1,0,1,0,0,0,0,0,0,0,0,0,0,0,0,0,0,0,0,0,0,0,0,0,0,0,0,0,0,0,0,0,0,0,1,2,,doolm101,,quinj102,,,,,,,falkc101,,falkc101,,,,,,,,,,,0,0,0,0,0,0,0,0,0,0,0,0,meyeb103,knabo101,duncv101,zinng101,swach101,walsj101,doolm101,owenf101,quinj102,9,4,8,7,3,5,6,2,1,huhne101,schag101,lapof101,mckeb101,esmoj101,schea102,rouse101,whitg103,0,0,0,0,0,1,0,0,0,0,1,0,0,0,0,0,0,0,0,15,0,0,0,0,0,1,0,1,1+,G,0,0,20,mccob104,westf901,,,,,19150410,regular,full,FL,FL
BLF191504100,64(1)/FO,2,1,1,BAL10,BLF,NEW,3,2,meyeb103,falkc101,1,9,R,R,,,??,,,1,1,0,0,0,0,0,0,0,0,0,0,0,0,1,0,1,1,0,1,0,0,0,0,0,0,0,0,0,0,0,0,0,0,0,0,0,0,0,0,0,0,0,0,0,0,0,0,0,0,0,2,3,quinj102,,,,,,meyeb103,,,falkc101,,,,,,,,,,,,,,0,0,0,0,0,0,0,0,0,0,0,0,meyeb103,knabo101,duncv101,zinng101,swach101,walsj101,doolm101,owenf101,quinj102,9,4,8,7,3,5,6,2,1,huhne101,schag101,lapof101,mckeb101,esmoj101,schea102,rouse101,whitg103,0,0,0,0,1,0,0,0,0,0,0,0,0,0,0,1,0,0,0,64,6,0,0,0,0,0,0,6,,G,0,0,21,mccob104,westf901,,,,,19150410,regular,full,FL,FL
BLF191504100,K/C,3,0,0,BAL10,NEW,BLF,3,2,mckeb101,quinj102,2,5,B,R,,,??,,,1,1,0,0,0,0,0,0,0,0,1,0,0,0,0,0,0,0,0,0,0,0,0,0,0,0,0,0,0,0,0,0,0,0,0,0,0,0,0,0,0,0,0,0,0,0,0,0,0,0,0,0,1,,,,,,,,,,,,,,,,,,,,,,,,0,0,0,0,0,0,0,0,0,0,0,0,whitg103,mckeb101,rouse101,lapof101,schag101,esmoj101,schea102,huhne101,falkc101,9,5,8,4,3,6,7,2,1,owenf101,swach101,knabo101,walsj101,doolm101,zinng101,duncv101,meyeb103,0,0,1,0,0,0,0,0,0,0,0,0,0,0,0,0,0,0,0,2,0,0,0,0,0,0,0,0,,,0,0,22,mccob104,westf901,,,,,19150410,regular,full,FL,FL
BLF191504100,D8,3,0,0,BAL10,NEW,BLF,3,2,rouse101,quinj102,3,8,L,R,,,??,,,1,1,0,1,0,0,0,0,0,0,0,0,0,0,0,0,0,1,0,0,0,0,0,0,0,0,0,0,0,0,0,0,0,0,0,0,0,0,0,0,0,0,0,0,0,0,0,0,0,0,0,1,1,,,,,rouse101,,,,,,,,,quinj102,,,,,,,,,,0,0,0,0,0,0,0,0,0,0,0,0,whitg103,mckeb101,rouse101,lapof101,schag101,esmoj101,schea102,huhne101,falkc101,9,5,8,4,3,6,7,2,1,owenf101,swach101,knabo101,walsj101,doolm101,zinng101,duncv101,meyeb103,0,0,0,0,0,0,0,0,0,0,0,0,0,0,0,0,0,0,0,,0,0,0,0,0,0,0,8,8+,,0,0,23,mccob104,westf901,,,,,19150410,regular,full,FL,FL
BLF191504100,DGR/7.2-H,3,0,0,BAL10,NEW,BLF,3,2,lapof101,quinj102,4,4,R,R,,,??,,,1,1,0,1,0,0,0,0,0,0,0,0,0,0,0,0,0,1,0,0,0,0,0,0,0,0,0,0,0,0,0,0,0,0,0,0,0,0,0,0,0,0,0,0,0,0,0,0,0,0,0,1,1,,rouse101,,,lapof101,,,,,,quinj102,,,quinj102,,,,rouse101,,,,quinj102,,0,0,0,0,0,0,1,0,1,1,1,0,whitg103,mckeb101,rouse101,lapof101,schag101,esmoj101,schea102,huhne101,falkc101,9,5,8,4,3,6,7,2,1,owenf101,swach101,knabo101,walsj101,doolm101,zinng101,duncv101,meyeb103,0,0,0,0,0,0,0,0,0,0,0,0,0,0,0,0,0,0,0,,0,0,0,0,0,0,0,7,7+,,0,0,24,mccob104,westf901,,,,,19150410,regular,full,FL,FL
BLF191504100,K,3,0,0,BAL10,NEW,BLF,4,2,schag101,quinj102,5,3,R,R,,,??,,,1,1,0,0,0,0,0,0,0,0,1,0,0,0,0,0,0,0,0,0,0,0,0,0,0,0,0,0,0,0,0,0,0,0,0,0,0,0,0,0,0,0,0,0,0,0,0,0,0,0,0,1,2,,lapof101,,,lapof101,,,,,,quinj102,,,quinj102,,,,,,,,,,0,0,0,0,0,0,0,0,0,0,0,0,whitg103,mckeb101,rouse101,lapof101,schag101,esmoj101,schea102,huhne101,falkc101,9,5,8,4,3,6,7,2,1,owenf101,swach101,knabo101,walsj101,doolm101,zinng101,duncv101,meyeb103,0,0,1,0,0,0,0,0,0,0,0,0,0,0,0,0,0,0,0,2,0,0,0,0,0,0,0,0,,,0,0,25,mccob104,westf901,,,,,19150410,regular,full,FL,FL
BLF191504100,8/F,3,0,0,BAL10,NEW,BLF,4,2,esmoj101,quinj102,6,6,R,R,,,??,,,1,1,0,0,0,0,0,0,0,0,0,0,0,0,1,0,1,1,0,0,1,0,0,0,0,0,0,0,0,0,0,0,0,0,0,0,0,0,0,0,0,0,0,0,0,0,0,0,0,0,0,2,3,,lapof101,,,,,lapof101,,,,quinj102,,,,,,,,,,,,,0,0,0,0,0,0,0,0,0,0,0,0,whitg103,mckeb101,rouse101,lapof101,schag101,esmoj101,schea102,huhne101,falkc101,9,5,8,4,3,6,7,2,1,owenf101,swach101,knabo101,walsj101,doolm101,zinng101,duncv101,meyeb103,0,0,0,0,0,0,0,0,1,0,0,0,0,0,0,0,0,0,0,8,8,0,0,0,0,0,0,8,,F,0,0,26,mccob104,westf901,,,,,19150410,regular,full,FL,FL
BLF191504100,53,3,1,1,BAL10,BLF,NEW,4,2,knabo101,falkc101,2,4,R,R,,,??,,,1,1,0,0,0,0,0,0,0,0,0,0,0,0,1,0,1,1,0,1,0,0,0,0,0,0,0,0,0,0,0,0,0,0,0,0,0,0,0,0,0,0,0,0,0,0,0,0,0,0,0,0,1,,,,,,,,,,,,,,,,,,,,,,,,0,0,0,0,0,0,0,0,0,0,0,0,meyeb103,knabo101,duncv101,zinng101,swach101,walsj101,doolm101,owenf101,quinj102,9,4,8,7,3,5,6,2,1,huhne101,schag101,lapof101,mckeb101,esmoj101,schea102,rouse101,whitg103,0,0,0,1,0,0,0,0,0,0,0,0,0,0,1,0,0,0,0,53,5,0,0,0,0,0,0,5,3+,G,0,0,27,mccob104,westf901,,,,,19150410,regular,full,FL,FL
BLF191504100,S9/G,3,1,1,BAL10,BLF,NEW,4,2,duncv101,falkc101,3,8,L,R,,,??,,,1,1,1,0,0,0,0,0,0,0,0,0,0,0,0,0,0,1,0,1,0,0,0,0,0,0,0,0,0,0,0,0,0,0,0,0,0,0,0,0,0,0,0,0,0,0,0,0,0,0,0,1,1,,,,duncv101,,,,,,,,,falkc101,,,,,,,,,,,0,0,0,0,0,0,0,0,0,0,0,0,meyeb103,knabo101,duncv101,zinng101,swach101,walsj101,doolm101,owenf101,quinj102,9,4,8,7,3,5,6,2,1,huhne101,schag101,lapof101,mckeb101,esmoj101,schea102,rouse101,whitg103,0,0,0,0,0,0,0,0,0,0,0,0,0,0,0,0,0,0,0,,0,0,0,0,0,0,0,9,,G,0,0,28,mccob104,westf901,,,,,19150410,regular,full,FL,FL
BLF191504100,13(B)5(1)/DP,3,1,1,BAL10,BLF,NEW,4,2,zinng101,falkc101,4,7,L,R,,,??,,,1,1,0,0,0,0,0,0,0,0,0,0,0,0,1,0,1,1,0,0,1,0,0,0,1,0,0,0,0,0,0,0,0,0,0,0,0,0,0,0,0,0,0,0,0,0,0,0,0,0,0,1,3,duncv101,,,,,,,,,falkc101,,,,,,,,,,,,,,0,0,0,0,0,0,0,0,0,0,0,0,meyeb103,knabo101,duncv101,zinng101,swach101,walsj101,doolm101,owenf101,quinj102,9,4,8,7,3,5,6,2,1,huhne101,schag101,lapof101,mckeb101,esmoj101,schea102,rouse101,whitg103,0,0,0,1,0,1,0,0,0,0,1,0,1,0,0,0,0,0,0,135,1,3,0,0,0,0,0,1,,F,0,0,29,mccob104,westf901,,,,,19150410,regular,full,FL,FL
BLF191504100,W,4,0,0,BAL10,NEW,BLF,4,2,schea102,quinj102,7,7,L,R,,,??,,,1,0,0,0,0,0,0,0,0,1,0,0,0,0,0,0,0,0,0,0,0,0,0,0,0,0,0,0,0,0,0,0,0,0,0,0,0,0,0,0,0,0,0,0,0,0,0,0,0,0,0,0,0,,,,schea102,,,,,,,,,quinj102,,,,,,,,,,,0,0,0,0,0,0,0,0,0,0,0,0,whitg103,mckeb101,rouse101,lapof101,schag101,esmoj101,schea102,huhne101,falkc101,9,5,8,4,3,6,7,2,1,owenf101,swach101,knabo101,walsj101,doolm101,zinng101,duncv101,meyeb103,0,0,0,0,0,0,0,0,0,0,0,0,0,0,0,0,0,0,0,,0,0,0,0,0,0,0,0,,,0,0,30,mccob104,westf901,,,,,19150410,regular,full,FL,FL
BLF191504100,13.1-2,4,0,0,BAL10,NEW,BLF,4,2,huhne101,quinj102,8,2,R,R,,,??,,,1,1,0,0,0,0,0,0,0,0,0,0,0,0,1,0,1,1,0,1,0,0,0,0,0,0,0,0,0,0,0,0,0,0,0,0,0,0,0,0,0,0,0,0,0,0,0,0,0,0,0,0,1,schea102,,,,schea102,,,,,quinj102,,,,quinj102,,,,,,,,,,0,0,0,0,0,0,0,0,0,0,0,0,whitg103,mckeb101,rouse101,lapof101,schag101,esmoj101,schea102,huhne101,falkc101,9,5,8,4,3,6,7,2,1,owenf101,swach101,knabo101,walsj101,doolm101,zinng101,duncv101,meyeb103,0,0,0,1,0,0,0,0,0,0,1,0,0,0,0,0,0,0,0,13,1,0,0,0,0,0,0,1,13+,G,0,0,31,mccob104,westf901,,,,,19150410,regular,full,FL,FL
BLF191504100,63.2-3,4,0,0,BAL10,NEW,BLF,4,2,falkc101,quinj102,9,1,R,R,,,??,,,1,1,0,0,0,0,0,0,0,0,0,0,0,0,1,0,1,1,0,1,0,0,0,0,0,0,0,0,0,0,0,0,0,0,0,0,0,0,0,0,0,0,0,0,0,0,0,0,0,0,0,1,2,,schea102,,,,schea102,,,,,quinj102,,,,quinj102,,,,,,,,,0,0,0,0,0,0,0,0,0,0,0,0,whitg103,mckeb101,rouse101,lapof101,schag101,esmoj101,schea102,huhne101,falkc101,9,5,8,4,3,6,7,2,1,owenf101,swach101,knabo101,walsj101,doolm101,zinng101,duncv101,meyeb103,0,0,0,1,0,0,0,0,0,0,0,0,0,0,0,1,0,0,0,63,6,0,0,0,0,0,0,6,3+,G,0,0,32,mccob104,westf901,,,,,19150410,regular,full,FL,FL
BLF191504100,K/C,4,0,0,BAL10,NEW,BLF,4,2,whitg103,quinj102,1,9,B,R,,,??,,,1,1,0,0,0,0,0,0,0,0,1,0,0,0,0,0,0,0,0,0,0,0,0,0,0,0,0,0,0,0,0,0,0,0,0,0,0,0,0,0,0,0,0,0,0,0,0,0,0,0,0,2,3,,,schea102,,,,schea102,,,,,quinj102,,,,,,,,,,,,0,0,0,0,0,0,0,0,0,0,0,0,whitg103,mckeb101,rouse101,lapof101,schag101,esmoj101,schea102,huhne101,falkc101,9,5,8,4,3,6,7,2,1,owenf101,swach101,knabo101,walsj101,doolm101,zinng101,duncv101,meyeb103,0,0,1,0,0,0,0,0,0,0,0,0,0,0,0,0,0,0,0,2,0,0,0,0,0,0,0,0,,,0,0,33,mccob104,westf901,,,,,19150410,regular,full,FL,FL
BLF191504100,63,4,1,1,BAL10,BLF,NEW,4,2,swach101,falkc101,5,3,R,R,,,??,,,1,1,0,0,0,0,0,0,0,0,0,0,0,0,1,0,1,1,0,1,0,0,0,0,0,0,0,0,0,0,0,0,0,0,0,0,0,0,0,0,0,0,0,0,0,0,0,0,0,0,0,0,1,,,,,,,,,,,,,,,,,,,,,,,,0,0,0,0,0,0,0,0,0,0,0,0,meyeb103,knabo101,duncv101,zinng101,swach101,walsj101,doolm101,owenf101,quinj102,9,4,8,7,3,5,6,2,1,huhne101,schag101,lapof101,mckeb101,esmoj101,schea102,rouse101,whitg103,0,0,0,1,0,0,0,0,0,0,0,0,0,0,0,1,0,0,0,63,6,0,0,0,0,0,0,6,3+,G,0,0,34,mccob104,westf901,,,,,19150410,regular,full,FL,FL
BLF191504100,W+WP.B-2,4,1,1,BAL10,BLF,NEW,4,2,walsj101,falkc101,6,5,R,R,,,??,,,1,0,0,0,0,0,0,0,0,1,0,0,0,0,0,0,0,0,0,0,0,0,0,0,0,0,0,1,0,0,0,0,0,0,0,0,0,0,0,0,0,0,0,0,0,0,0,0,0,0,0,1,1,,,,,walsj101,,,,,,,,,falkc101,,,,,,,,,,0,0,0,0,0,0,0,0,0,0,0,0,meyeb103,knabo101,duncv101,zinng101,swach101,walsj101,doolm101,owenf101,quinj102,9,4,8,7,3,5,6,2,1,huhne101,schag101,lapof101,mckeb101,esmoj101,schea102,rouse101,whitg103,0,0,0,0,0,0,0,0,0,0,0,0,0,0,0,0,0,0,0,,0,0,0,0,0,0,0,0,,,0,0,35,mccob104,westf901,,,,,19150410,regular,full,FL,FL
BLF191504100,43.2-3,4,1,1,BAL10,BLF,NEW,4,2,doolm101,falkc101,7,6,R,R,,,??,,,1,1,0,0,0,0,0,0,0,0,0,0,0,0,1,0,1,1,0,1,0,0,0,0,0,0,0,0,0,0,0,0,0,0,0,0,0,0,0,0,0,0,0,0,0,0,0,0,0,0,0,1,2,,walsj101,,,,walsj101,,,,,falkc101,,,,falkc101,,,,,,,,,0,0,0,0,0,0,0,0,0,0,0,0,meyeb103,knabo101,duncv101,zinng101,swach101,walsj101,doolm101,owenf101,quinj102,9,4,8,7,3,5,6,2,1,huhne101,schag101,lapof101,mckeb101,esmoj101,schea102,rouse101,whitg103,0,0,0,1,0,0,0,0,0,0,0,0,0,1,0,0,0,0,0,43,4,0,0,0,0,0,0,4,3+,G,0,0,36,mccob104,westf901,,,,,19150410,regular,full,FL,FL
BLF191504100,K,4,1,1,BAL10,BLF,NEW,4,2,owenf101,falkc101,8,2,R,R,,,??,,,1,1,0,0,0,0,0,0,0,0,1,0,0,0,0,0,0,0,0,0,0,0,0,0,0,0,0,0,0,0,0,0,0,0,0,0,0,0,0,0,0,0,0,0,0,0,0,0,0,0,0,2,3,,,walsj101,,,,walsj101,,,,,falkc101,,,,,,,,,,,,0,0,0,0,0,0,0,0,0,0,0,0,meyeb103,knabo101,duncv101,zinng101,swach101,walsj101,doolm101,owenf101,quinj102,9,4,8,7,3,5,6,2,1,huhne101,schag101,lapof101,mckeb101,esmoj101,schea102,rouse101,whitg103,0,0,1,0,0,0,0,0,0,0,0,0,0,0,0,0,0,0,0,2,0,0,0,0,0,0,0,0,,,0,0,37,mccob104,westf901,,,,,19150410,regular,full,FL,FL
BLF191504100,2/FL,5,0,0,BAL10,NEW,BLF,4,2,mckeb101,quinj102,2,5,B,R,,,??,,,1,1,0,0,0,0,0,0,0,0,0,0,0,0,1,0,1,1,0,0,1,0,0,0,0,0,0,0,0,0,0,0,0,0,0,0,0,0,0,0,0,0,0,0,0,0,0,0,0,0,0,0,1,,,,,,,,,,,,,,,,,,,,,,,,0,0,0,0,0,0,0,0,0,0,0,0,whitg103,mckeb101,rouse101,lapof101,schag101,esmoj101,schea102,huhne101,falkc101,9,5,8,4,3,6,7,2,1,owenf101,swach101,knabo101,walsj101,doolm101,zinng101,duncv101,meyeb103,0,0,1,0,0,0,0,0,0,0,0,0,0,0,0,0,0,0,0,2,2,0,0,0,0,0,0,2,,F,0,0,38,mccob104,westf901,,,,,19150410,regular,full,FL,FL
BLF191504100,3/BP,5,0,0,BAL10,NEW,BLF,4,2,rouse101,quinj102,3,8,L,R,,,??,,,1,1,0,0,0,0,0,0,0,0,0,0,0,0,1,0,1,1,1,0,0,0,0,0,0,0,0,0,0,0,0,0,0,0,0,0,0,0,0,0,0,0,0,0,0,0,0,0,0,0,0,1,2,,,,,,,,,,,,,,,,,,,,,,,,0,0,0,0,0,0,0,0,0,0,0,0,whitg103,mckeb101,rouse101,lapof101,schag101,esmoj101,schea102,huhne101,falkc101,9,5,8,4,3,6,7,2,1,owenf101,swach101,knabo101,walsj101,doolm101,zinng101,duncv101,meyeb103,0,0,0,1,0,0,0,0,0,0,0,0,0,0,0,0,0,0,0,3,3,0,0,0,0,0,0,3,,BP,0,0,39,mccob104,westf901,,,,,19150410,regular,full,FL,FL
BLF191504100,43,5,0,0,BAL10,NEW,BLF,4,2,lapof101,quinj102,4,4,R,R,,,??,,,1,1,0,0,0,0,0,0,0,0,0,0,0,0,1,0,1,1,0,1,0,0,0,0,0,0,0,0,0,0,0,0,0,0,0,0,0,0,0,0,0,0,0,0,0,0,0,0,0,0,0,2,3,,,,,,,,,,,,,,,,,,,,,,,,0,0,0,0,0,0,0,0,0,0,0,0,whitg103,mckeb101,rouse101,lapof101,schag101,esmoj101,schea102,huhne101,falkc101,9,5,8,4,3,6,7,2,1,owenf101,swach101,knabo101,walsj101,doolm101,zinng101,duncv101,meyeb103,0,0,0,1,0,0,0,0,0,0,0,0,0,1,0,0,0,0,0,43,4,0,0,0,0,0,0,4,3+,G,0,0,40,mccob104,westf901,,,,,19150410,regular,full,FL,FL
BLF191504100,1/F,5,1,1,BAL10,BLF,NEW,4,2,quinj102,falkc101,9,1,R,R,,,??,,,1,1,0,0,0,0,0,0,0,0,0,0,0,0,1,0,1,1,0,0,1,0,0,0,0,0,0,0,0,0,0,0,0,0,0,0,0,0,0,0,0,0,0,0,0,0,0,0,0,0,0,0,1,,,,,,,,,,,,,,,,,,,,,,,,0,0,0,0,0,0,0,0,0,0,0,0,meyeb103,knabo101,duncv101,zinng101,swach101,walsj101,doolm101,owenf101,quinj102,9,4,8,7,3,5,6,2,1,huhne101,schag101,lapof101,mckeb101,esmoj101,schea102,rouse101,whitg103,0,1,0,0,0,0,0,0,0,0,0,0,0,0,0,0,0,0,0,1,1,0,0,0,0,0,0,1,,F,0,0,41,mccob104,westf901,,,,,19150410,regular,full,FL,FL
BLF191504100,S9/F,5,1,1,BAL10,BLF,NEW,4,2,meyeb103,falkc101,1,9,R,R,,,??,,,1,1,1,0,0,0,0,0,0,0,0,0,0,0,0,0,0,1,0,0,1,0,0,0,0,0,0,0,0,0,0,0,0,0,0,0,0,0,0,0,0,0,0,0,0,0,0,0,0,0,0,1,1,,,,meyeb103,,,,,,,,,falkc101,,,,,,,,,,,0,0,0,0,0,0,0,0,0,0,0,0,meyeb103,knabo101,duncv101,zinng101,swach101,walsj101,doolm101,owenf101,quinj102,9,4,8,7,3,5,6,2,1,huhne101,schag101,lapof101,mckeb101,esmoj101,schea102,rouse101,whitg103,0,0,0,0,0,0,0,0,0,0,0,0,0,0,0,0,0,0,0,,0,0,0,0,0,0,0,9,,F,0,0,42,mccob104,westf901,,,,,19150410,regular,full,FL,FL
BLF191504100,SB2.1X3(95),5,1,1,BAL10,BLF,NEW,4,2,knabo101,falkc101,2,4,R,R,,,??,,,0,0,0,0,0,0,0,0,0,0,0,0,0,0,0,0,0,0,0,0,0,0,0,0,0,0,0,0,0,0,0,0,1,0,0,0,0,0,0,0,0,0,0,0,0,0,0,0,0,0,0,1,2,meyeb103,,,,,,,,,falkc101,,,,,,,,,,,,,,0,0,0,0,0,0,0,0,0,0,0,0,meyeb103,knabo101,duncv101,zinng101,swach101,walsj101,doolm101,owenf101,quinj102,9,4,8,7,3,5,6,2,1,huhne101,schag101,lapof101,mckeb101,esmoj101,schea102,rouse101,whitg103,0,0,0,0,0,1,0,0,0,0,0,0,0,0,0,0,0,0,1,95,0,0,0,0,0,0,0,0,,,0,0,43,mccob104,westf901,,,,,19150410,regular,full,FL,FL
BLF191504100,K/C,5,1,1,BAL10,BLF,NEW,4,2,knabo101,falkc101,2,4,R,R,,,??,,,1,1,0,0,0,0,0,0,0,0,1,0,0,0,0,0,0,0,0,0,0,0,0,0,0,0,0,0,0,0,0,0,0,0,0,0,0,0,0,0,0,0,0,0,0,0,0,0,0,0,0,2,3,,,,,,,,,,,,,,,,,,,,,,,,0,0,0,0,0,0,0,0,0,0,0,0,meyeb103,knabo101,duncv101,zinng101,swach101,walsj101,doolm101,owenf101,quinj102,9,4,8,7,3,5,6,2,1,huhne101,schag101,lapof101,mckeb101,esmoj101,schea102,rouse101,whitg103,0,0,1,0,0,0,0,0,0,0,0,0,0,0,0,0,0,0,0,2,0,0,0,0,0,0,0,0,,,0,0,44,mccob104,westf901,,,,,19150410,regular,full,FL,FL
BLF191504100,S3/BG.BX2(136),6,0,0,BAL10,NEW,BLF,4,2,schag101,quinj102,5,3,R,R,,,??,,,1,1,1,0,0,0,0,0,0,0,0,0,0,0,0,0,0,1,1,0,0,0,0,0,0,0,0,0,0,0,0,0,0,0,0,0,0,0,0,0,0,0,0,0,0,0,0,0,0,0,0,0,1,,,,,,,,,,,,,,,,,,,,,,,,0,0,0,0,0,0,0,0,0,0,0,0,whitg103,mckeb101,rouse101,lapof101,schag101,esmoj101,schea102,huhne101,falkc101,9,5,8,4,3,6,7,2,1,owenf101,swach101,knabo101,walsj101,doolm101,zinng101,duncv101,meyeb103,0,0,0,0,0,0,1,0,0,0,1,0,1,0,0,0,0,0,0,136,0,0,0,1,0,0,0,3,,BG,0,0,45,mccob104,westf901,,,,,19150410,regular,full,FL,FL
BLF191504100,S7/G,6,0,0,BAL10,NEW,BLF,4,2,esmoj101,quinj102,6,6,R,R,,,??,,,1,1,1,0,0,0,0,0,0,0,0,0,0,0,0,0,0,1,0,1,0,0,0,0,0,0,0,0,0,0,0,0,0,0,0,0,0,0,0,0,0,0,0,0,0,0,0,0,0,0,0,1,1,,,,esmoj101,,,,,,,,,quinj102,,,,,,,,,,,0,0,0,0,0,0,0,0,0,0,0,0,whitg103,mckeb101,rouse101,lapof101,schag101,esmoj101,schea102,huhne101,falkc101,9,5,8,4,3,6,7,2,1,owenf101,swach101,knabo101,walsj101,doolm101,zinng101,duncv101,meyeb103,0,0,0,0,0,0,0,0,0,0,0,0,0,0,0,0,0,0,0,,0,0,0,0,0,0,0,7,,G,0,0,46,mccob104,westf901,,,,,19150410,regular,full,FL,FL
BLF191504100,DGR/7.1-3,6,0,0,BAL10,NEW,BLF,4,2,schea102,quinj102,7,7,L,R,,,??,,,1,1,0,1,0,0,0,0,0,0,0,0,0,0,0,0,0,1,0,0,0,0,0,0,0,0,0,0,0,0,0,0,0,0,0,0,0,0,0,0,0,0,0,0,0,0,0,0,0,0,0,1,1,esmoj101,,,,schea102,esmoj101,,,,quinj102,,,,quinj102,quinj102,,,,,,,,,0,0,0,0,0,0,0,0,0,0,0,0,whitg103,mckeb101,rouse101,lapof101,schag101,esmoj101,schea102,huhne101,falkc101,9,5,8,4,3,6,7,2,1,owenf101,swach101,knabo101,walsj101,doolm101,zinng101,duncv101,meyeb103,0,0,0,0,0,0,0,0,0,0,0,0,0,0,0,0,0,0,0,,0,0,0,0,0,0,0,7,7+,,0,0,47,mccob104,westf901,,,,,19150410,regular,full,FL,FL
BLF191504100,S8/G.3-H;2-H;B-3(E8/TH),6,0,0,BAL10,NEW,BLF,4,2,huhne101,quinj102,8,2,R,R,,,??,,,1,1,1,0,0,0,0,0,0,0,0,0,0,0,0,0,0,1,0,1,0,0,0,0,0,0,0,0,0,0,0,0,0,0,0,0,0,0,0,0,0,0,0,0,0,0,0,0,0,1,0,1,1,,schea102,esmoj101,,,huhne101,,,,,quinj102,quinj102,,,quinj102,,,schea102,esmoj101,,,quinj102,quinj102,0,0,0,0,0,0,1,1,2,2,2,0,whitg103,mckeb101,rouse101,lapof101,schag101,esmoj101,schea102,huhne101,falkc101,9,5,8,4,3,6,7,2,1,owenf101,swach101,knabo101,walsj101,doolm101,zinng101,duncv101,meyeb103,0,0,0,0,0,0,0,0,0,0,0,0,0,0,0,0,0,0,0,,0,0,0,0,0,0,0,8,,G,0,0,48,mccob104,westf901,,,,,19150410,regular,full,FL,FL
BLF191504100,K,6,0,0,BAL10,NEW,BLF,6,2,falkc101,quinj102,9,1,R,R,,,??,,,1,1,0,0,0,0,0,0,0,0,1,0,0,0,0,0,0,0,0,0,0,0,0,0,0,0,0,0,0,0,0,0,0,0,0,0,0,0,0,0,0,0,0,0,0,0,0,0,0,0,0,1,2,,,huhne101,,,huhne101,,,,,,quinj102,,,quinj102,,,,,,,,,0,0,0,0,0,0,0,0,0,0,0,0,whitg103,mckeb101,rouse101,lapof101,schag101,esmoj101,schea102,huhne101,falkc101,9,5,8,4,3,6,7,2,1,owenf101,swach101,knabo101,walsj101,doolm101,zinng101,duncv101,meyeb103,0,0,1,0,0,0,0,0,0,0,0,0,0,0,0,0,0,0,0,2,0,0,0,0,0,0,0,0,,,0,0,49,mccob104,westf901,,,,,19150410,regular,full,FL,FL
BLF191504100,W,6,0,0,BAL10,NEW,BLF,6,2,whitg103,quinj102,1,9,B,R,,,??,,,1,0,0,0,0,0,0,0,0,1,0,0,0,0,0,0,0,0,0,0,0,0,0,0,0,0,0,0,0,0,0,0,0,0,0,0,0,0,0,0,0,0,0,0,0,0,0,0,0,0,0,2,2,,,huhne101,whitg103,,huhne101,,,,,,quinj102,quinj102,,quinj102,,,,,,,,,0,0,0,0,0,0,0,0,0,0,0,0,whitg103,mckeb101,rouse101,lapof101,schag101,esmoj101,schea102,huhne101,falkc101,9,5,8,4,3,6,7,2,1,owenf101,swach101,knabo101,walsj101,doolm101,zinng101,duncv101,meyeb103,0,0,0,0,0,0,0,0,0,0,0,0,0,0,0,0,0,0,0,,0,0,0,0,0,0,0,0,,,0,0,50,mccob104,westf901,,,,,19150410,regular,full,FL,FL
BLF191504100,CS2(26),6,0,0,BAL10,NEW,BLF,6,2,mckeb101,quinj102,2,5,B,R,,,??,,,0,0,0,0,0,0,0,0,0,0,0,0,0,0,0,0,0,0,0,0,0,0,0,0,0,0,0,0,0,0,0,0,0,0,0,1,0,0,0,0,0,0,0,0,0,0,0,0,0,0,0,2,3,whitg103,,huhne101,,,,huhne101,,,quinj102,,quinj102,,,,,,,,,,,,0,0,0,0,0,0,0,0,0,0,0,0,whitg103,mckeb101,rouse101,lapof101,schag101,esmoj101,schea102,huhne101,falkc101,9,5,8,4,3,6,7,2,1,owenf101,swach101,knabo101,walsj101,doolm101,zinng101,duncv101,meyeb103,0,0,0,0,0,0,1,0,0,0,0,1,0,0,0,0,0,0,0,26,0,0,0,0,0,0,0,0,,,0,0,51,mccob104,westf901,,,,,19150410,regular,full,FL,FL
BLF191504100,S5/BG,6,1,1,BAL10,BLF,NEW,6,2,duncv101,falkc101,3,8,L,R,,,??,,,1,1,1,0,0,0,0,0,0,0,0,0,0,0,0,0,0,1,1,0,0,0,0,0,0,0,0,0,0,0,0,0,0,0,0,0,0,0,0,0,0,0,0,0,0,0,0,0,0,0,0,0,0,,,,duncv101,,,,,,,,,falkc101,,,,,,,,,,,0,0,0,0,0,0,0,0,0,0,0,0,meyeb103,knabo101,duncv101,zinng101,swach101,walsj101,doolm101,owenf101,quinj102,9,4,8,7,3,5,6,2,1,huhne101,schag101,lapof101,mckeb101,esmoj101,schea102,rouse101,whitg103,0,0,0,0,0,0,0,0,0,0,0,0,0,0,0,0,0,0,0,,0,0,0,0,0,0,0,5,,BG,0,0,52,mccob104,westf901,,,,,19150410,regular,full,FL,FL
BLF191504100,2/FL,6,1,1,BAL10,BLF,NEW,6,2,zinng101,falkc101,4,7,L,R,,,??,,,1,1,0,0,0,0,0,0,0,0,0,0,0,0,1,0,1,1,0,0,1,0,0,0,0,0,0,0,0,0,0,0,0,0,0,0,0,0,0,0,0,0,0,0,0,0,0,0,0,0,0,0,1,duncv101,,,duncv101,,,,,,falkc101,,,falkc101,,,,,,,,,,,0,0,0,0,0,0,0,0,0,0,0,0,meyeb103,knabo101,duncv101,zinng101,swach101,walsj101,doolm101,owenf101,quinj102,9,4,8,7,3,5,6,2,1,huhne101,schag101,lapof101,mckeb101,esmoj101,schea102,rouse101,whitg103,0,0,1,0,0,0,0,0,0,0,0,0,0,0,0,0,0,0,0,2,2,0,0,0,0,0,0,2,,F,0,0,53,mccob104,westf901,,,,,19150410,regular,full,FL,FL
BLF191504100,54(1)3/GDP,6,1,1,BAL10,BLF,NEW,6,2,swach101,falkc101,5,3,R,R,,,??,,,1,1,0,0,0,0,0,0,0,0,0,0,0,0,1,0,1,1,0,1,0,0,0,1,0,0,0,0,0,0,0,0,0,0,0,0,0,0,0,0,0,0,0,0,0,0,0,0,0,0,0,1,3,duncv101,,,,,,,,,falkc101,,,,,,,,,,,,,,0,0,0,0,0,0,0,0,0,0,0,0,meyeb103,knabo101,duncv101,zinng101,swach101,walsj101,doolm101,owenf101,quinj102,9,4,8,7,3,5,6,2,1,huhne101,schag101,lapof101,mckeb101,esmoj101,schea102,rouse101,whitg103,0,0,0,1,1,0,0,0,0,0,0,0,0,1,1,0,0,0,0,543,5,4,0,0,0,0,0,5,,G,1,4,54,mccob104,westf901,,,,,19150410,regular,full,FL,FL
BLF191504100,5/FL,7,0,0,BAL10,NEW,BLF,6,2,mckeb101,quinj102,2,5,B,R,,,??,,,1,1,0,0,0,0,0,0,0,0,0,0,0,0,1,0,1,1,0,0,1,0,0,0,0,0,0,0,0,0,0,0,0,0,0,0,0,0,0,0,0,0,0,0,0,0,0,0,0,0,0,0,1,,,,,,,,,,,,,,,,,,,,,,,,0,0,0,0,0,0,0,0,0,0,0,0,whitg103,mckeb101,rouse101,lapof101,schag101,esmoj101,schea102,huhne101,falkc101,9,5,8,4,3,6,7,2,1,owenf101,swach101,knabo101,walsj101,doolm101,zinng101,duncv101,meyeb103,0,0,0,0,0,1,0,0,0,0,0,0,0,0,0,0,0,0,0,5,5,0,0,0,0,0,0,5,,F,0,0,55,mccob104,westf901,,,,,19150410,regular,full,FL,FL
BLF191504100,DGR/8,7,0,0,BAL10,NEW,BLF,6,2,rouse101,quinj102,3,8,L,R,,,??,,,1,1,0,1,0,0,0,0,0,0,0,0,0,0,0,0,0,1,0,0,0,0,0,0,0,0,0,0,0,0,0,0,0,0,0,0,0,0,0,0,0,0,0,0,0,0,0,0,0,0,0,1,1,,,,,rouse101,,,,,,,,,quinj102,,,,,,,,,,0,0,0,0,0,0,0,0,0,0,0,0,whitg103,mckeb101,rouse101,lapof101,schag101,esmoj101,schea102,huhne101,falkc101,9,5,8,4,3,6,7,2,1,owenf101,swach101,knabo101,walsj101,doolm101,zinng101,duncv101,meyeb103,0,0,0,0,0,0,0,0,0,0,0,0,0,0,0,0,0,0,0,,0,0,0,0,0,0,0,8,8+,,0,0,56,mccob104,westf901,,,,,19150410,regular,full,FL,FL
BLF191504100,FC1.BX2(16);2-2,7,0,0,BAL10,NEW,BLF,6,2,lapof101,quinj102,4,4,R,R,,,??,,,1,1,0,0,0,0,0,0,0,0,0,0,0,1,0,0,0,1,0,1,0,0,0,0,0,0,0,0,0,0,0,0,0,0,0,0,0,0,0,0,0,0,0,0,0,0,0,0,0,0,0,1,2,,rouse101,,,rouse101,,,,,,quinj102,,,quinj102,,,,,,,,,,0,0,0,0,0,0,0,0,0,0,0,0,whitg103,mckeb101,rouse101,lapof101,schag101,esmoj101,schea102,huhne101,falkc101,9,5,8,4,3,6,7,2,1,owenf101,swach101,knabo101,walsj101,doolm101,zinng101,duncv101,meyeb103,0,0,0,0,0,0,1,0,0,0,1,0,0,0,0,0,0,0,0,16,0,0,0,1,0,0,0,1,1+,G,0,0,57,mccob104,westf901,,,,,19150410,regular,full,FL,FL
BLF191504100,SB3,7,0,0,BAL10,NEW,BLF,6,2,schag101,quinj102,5,3,R,R,,,??,,,0,0,0,0,0,0,0,0,0,0,0,0,0,0,0,0,0,0,0,0,0,0,0,0,0,0,0,0,0,0,0,0,0,1,0,0,0,0,0,0,0,0,0,0,0,0,0,0,0,0,0,2,2,,rouse101,,,,rouse101,,,,,quinj102,,,,quinj102,,,,,,,,,0,0,0,0,0,0,0,0,0,0,0,0,whitg103,mckeb101,rouse101,lapof101,schag101,esmoj101,schea102,huhne101,falkc101,9,5,8,4,3,6,7,2,1,owenf101,swach101,knabo101,walsj101,doolm101,zinng101,duncv101,meyeb103,0,0,0,0,0,0,0,0,0,0,0,0,0,0,0,0,0,0,0,,0,0,0,0,0,0,0,0,,,0,0,58,mccob104,westf901,,,,,19150410,regular,full,FL,FL
BLF191504100,63,7,0,0,BAL10,NEW,BLF,6,2,schag101,quinj102,5,3,R,R,,,??,,,1,1,0,0,0,0,0,0,0,0,0,0,0,0,1,0,1,1,0,1,0,0,0,0,0,0,0,0,0,0,0,0,0,0,0,0,0,0,0,0,0,0,0,0,0,0,0,0,0,0,0,2,3,,,rouse101,,,,rouse101,,,,,quinj102,,,,,,,,,,,,0,0,0,0,0,0,0,0,0,0,0,0,whitg103,mckeb101,rouse101,lapof101,schag101,esmoj101,schea102,huhne101,falkc101,9,5,8,4,3,6,7,2,1,owenf101,swach101,knabo101,walsj101,doolm101,zinng101,duncv101,meyeb103,0,0,0,1,0,0,0,0,0,0,0,0,0,0,0,1,0,0,0,63,6,0,0,0,0,0,0,6,3+,G,0,0,59,mccob104,westf901,,,,,19150410,regular,full,FL,FL
BLF191504100,13,7,1,1,BAL10,BLF,NEW,6,2,walsj101,falkc101,6,5,R,R,,,??,,,1,1,0,0,0,0,0,0,0,0,0,0,0,0,1,0,1,1,0,1,0,0,0,0,0,0,0,0,0,0,0,0,0,0,0,0,0,0,0,0,0,0,0,0,0,0,0,0,0,0,0,0,1,,,,,,,,,,,,,,,,,,,,,,,,0,0,0,0,0,0,0,0,0,0,0,0,meyeb103,knabo101,duncv101,zinng101,swach101,walsj101,doolm101,owenf101,quinj102,9,4,8,7,3,5,6,2,1,huhne101,schag101,lapof101,mckeb101,esmoj101,schea102,rouse101,whitg103,0,0,0,1,0,0,0,0,0,0,1,0,0,0,0,0,0,0,0,13,1,0,0,0,0,0,0,1,13+,G,0,0,60,mccob104,westf901,,,,,19150410,regular,full,FL,FL
BLF191504100,DGR/8,7,1,1,BAL10,BLF,NEW,6,2,doolm101,falkc101,7,6,R,R,,,??,,,1,1,0,1,0,0,0,0,0,0,0,0,0,0,0,0,0,1,0,0,0,0,0,0,0,0,0,0,0,0,0,0,0,0,0,0,0,0,0,0,0,0,0,0,0,0,0,0,0,0,0,1,1,,,,,doolm101,,,,,,,,,falkc101,,,,,,,,,,0,0,0,0,0,0,0,0,0,0,0,0,meyeb103,knabo101,duncv101,zinng101,swach101,walsj101,doolm101,owenf101,quinj102,9,4,8,7,3,5,6,2,1,huhne101,schag101,lapof101,mckeb101,esmoj101,schea102,rouse101,whitg103,0,0,0,0,0,0,0,0,0,0,0,0,0,0,0,0,0,0,0,,0,0,0,0,0,0,0,8,8+,,0,0,61,mccob104,westf901,,,,,19150410,regular,full,FL,FL
BLF191504100,HP,7,1,1,BAL10,BLF,NEW,6,2,owenf101,falkc101,8,2,R,R,,,??,,,1,0,0,0,0,0,0,0,1,0,0,0,0,0,0,0,0,0,0,0,0,0,0,0,0,0,0,0,0,0,0,0,0,0,0,0,0,0,0,0,0,0,0,0,0,0,0,0,0,0,0,1,1,,doolm101,,owenf101,doolm101,,,,,,falkc101,,falkc101,falkc101,,,,,,,,,,0,0,0,0,0,0,0,0,0,0,0,0,meyeb103,knabo101,duncv101,zinng101,swach101,walsj101,doolm101,owenf101,quinj102,9,4,8,7,3,5,6,2,1,huhne101,schag101,lapof101,mckeb101,esmoj101,schea102,rouse101,whitg103,0,0,0,0,0,0,0,0,0,0,0,0,0,0,0,0,0,0,0,,0,0,0,0,0,0,0,0,,,0,0,62,mccob104,westf901,,,,,19150410,regular,full,FL,FL
BLF191504100,S5/G.2-3;1-2,7,1,1,BAL10,BLF,NEW,6,2,simmh101,falkc101,9,11,R,R,,,??,,,1,1,1,0,0,0,0,0,0,0,0,0,0,0,0,0,0,1,0,1,0,0,0,0,0,0,0,0,0,0,0,0,0,0,0,0,0,0,0,0,0,0,0,0,0,0,0,0,0,0,0,1,1,owenf101,doolm101,,simmh101,owenf101,doolm101,,,,falkc101,falkc101,,falkc101,falkc101,falkc101,,,,,,,,,0,0,0,0,0,0,0,0,0,0,0,0,meyeb103,knabo101,duncv101,zinng101,swach101,walsj101,doolm101,owenf101,simmh101,9,4,8,7,3,5,6,2,11,huhne101,schag101,lapof101,mckeb101,esmoj101,schea102,rouse101,whitg103,0,0,0,0,0,0,0,0,0,0,0,0,0,0,0,0,0,0,0,,0,0,0,0,0,0,0,5,,G,0,0,63,mccob104,westf901,,,,,19150410,regular,full,FL,FL
BLF191504100,W.3-H;2-3;1-2,7,1,1,BAL10,BLF,NEW,6,2,meyeb103,falkc101,1,9,R,R,,,??,,,1,0,0,0,0,0,0,0,0,1,0,0,0,0,0,0,0,0,0,0,0,0,0,0,0,0,0,0,0,0,0,0,0,0,0,0,0,0,0,0,0,0,0,0,0,0,0,0,0,0,0,1,1,simmh101,owenf101,doolm101,meyeb103,simmh101,owenf101,,,,falkc101,falkc101,falkc101,falkc101,falkc101,falkc101,,,,doolm101,,,,falkc101,0,0,0,0,0,0,0,1,1,1,1,0,meyeb103,knabo101,duncv101,zinng101,swach101,walsj101,doolm101,owenf101,simmh101,9,4,8,7,3,5,6,2,11,huhne101,schag101,lapof101,mckeb101,esmoj101,schea102,rouse101,whitg103,0,0,0,0,0,0,0,0,0,0,0,0,0,0,0,0,0,0,0,,0,0,0,0,0,0,0,0,,,0,0,64,mccob104,westf901,,,,,19150410,regular,full,FL,FL
BLF191504100,W.3-H;2-3;1-2,7,1,1,BAL10,BLF,NEW,6,3,knabo101,falkc101,2,4,R,R,,,??,,,1,0,0,0,0,0,0,0,0,1,0,0,0,0,0,0,0,0,0,0,0,0,0,0,0,0,0,0,0,0,0,0,0,0,0,0,0,0,0,0,0,0,0,0,0,0,0,0,0,0,0,1,1,meyeb103,simmh101,owenf101,knabo101,meyeb103,simmh101,,,,falkc101,falkc101,falkc101,falkc101,falkc101,falkc101,,,,owenf101,,,,falkc101,0,0,0,0,0,0,0,1,1,1,1,0,meyeb103,knabo101,duncv101,zinng101,swach101,walsj101,doolm101,owenf101,simmh101,9,4,8,7,3,5,6,2,11,huhne101,schag101,lapof101,mckeb101,esmoj101,schea102,rouse101,whitg103,0,0,0,0,0,0,0,0,0,0,0,0,0,0,0,0,0,0,0,,0,0,0,0,0,0,0,0,,,0,0,65,mccob104,westf901,,,,,19150410,regular,full,FL,FL
BLF191504100,43.3-H;2-3;1-2,7,1,1,BAL10,BLF,NEW,6,4,duncv101,falkc101,3,8,L,R,,,??,,,1,1,0,0,0,0,0,0,0,0,0,0,0,0,1,0,1,1,0,1,0,0,0,0,0,0,0,0,0,0,0,0,0,0,0,0,0,0,0,0,0,0,0,0,0,0,0,0,0,0,0,1,2,knabo101,meyeb103,simmh101,,knabo101,meyeb103,,,,falkc101,falkc101,falkc101,,falkc101,falkc101,,,,simmh101,,,,falkc101,0,0,0,0,0,0,0,1,1,1,1,0,meyeb103,knabo101,duncv101,zinng101,swach101,walsj101,doolm101,owenf101,simmh101,9,4,8,7,3,5,6,2,11,huhne101,schag101,lapof101,mckeb101,esmoj101,schea102,rouse101,whitg103,0,0,0,1,0,0,0,0,0,0,0,0,0,1,0,0,0,0,0,43,4,0,0,0,0,0,0,4,3+,G,0,0,66,mccob104,westf901,,,,,19150410,regular,full,FL,FL
BLF191504100,43,7,1,1,BAL10,BLF,NEW,6,5,zinng101,falkc101,4,7,L,R,,,??,,,1,1,0,0,0,0,0,0,0,0,0,0,0,0,1,0,1,1,0,1,0,0,0,0,0,0,0,0,0,0,0,0,0,0,0,0,0,0,0,0,0,0,0,0,0,0,0,0,0,0,0,2,3,,knabo101,meyeb103,,,,meyeb103,knabo101,,,falkc101,falkc101,,,,,,,,,,,,0,0,0,0,0,0,0,0,0,0,0,0,meyeb103,knabo101,duncv101,zinng101,swach101,walsj101,doolm101,owenf101,simmh101,9,4,8,7,3,5,6,2,11,huhne101,schag101,lapof101,mckeb101,esmoj101,schea102,rouse101,whitg103,0,0,0,1,0,0,0,0,0,0,0,0,0,1,0,0,0,0,0,43,4,0,0,0,0,0,0,4,3+,G,0,0,67,mccob104,westf901,,,,,19150410,regular,full,FL,FL
BLF191504100,8/F,8,0,0,BAL10,NEW,BLF,6,5,esmoj101,smitf106,6,6,R,R,,,??,,,1,1,0,0,0,0,0,0,0,0,0,0,0,0,1,0,1,1,0,0,1,0,0,0,0,0,0,0,0,0,0,0,0,0,0,0,0,0,0,0,0,0,0,0,0,0,0,0,0,0,0,0,1,,,,,,,,,,,,,,,,,,,,,,,,0,0,0,0,0,0,0,0,0,0,0,0,whitg103,mckeb101,rouse101,lapof101,schag101,esmoj101,schea102,huhne101,falkc101,9,5,8,4,3,6,7,2,1,owenf101,swach101,knabo101,walsj101,doolm101,zinng101,duncv101,meyeb103,0,0,0,0,0,0,0,0,1,0,0,0,0,0,0,0,0,0,0,8,8,0,0,0,0,0,0,8,,F,0,0,68,mccob104,westf901,,,,,19150410,regular,full,FL,FL
BLF191504100,S7,8,0,0,BAL10,NEW,BLF,6,5,schea102,smitf106,7,7,L,R,,,??,,,1,1,1,0,0,0,0,0,0,0,0,0,0,0,0,0,0,1,0,0,0,0,0,0,0,0,0,0,0,0,0,0,0,0,0,0,0,0,0,0,0,0,0,0,0,0,0,0,0,0,0,1,1,,,,schea102,,,,,,,,,smitf106,,,,,,,,,,,0,0,0,0,0,0,0,0,0,0,0,0,whitg103,mckeb101,rouse101,lapof101,schag101,esmoj101,schea102,huhne101,falkc101,9,5,8,4,3,6,7,2,1,owenf101,swach101,knabo101,walsj101,doolm101,zinng101,duncv101,meyeb103,0,0,0,0,0,0,0,0,0,0,0,0,0,0,0,0,0,0,0,,0,0,0,0,0,0,0,7,7+,,0,0,69,mccob104,westf901,,,,,19150410,regular,full,FL,FL
BLF191504100,36(1)/FO,8,0,0,BAL10,NEW,BLF,6,5,huhne101,smitf106,8,2,R,R,,,??,,,1,1,0,0,0,0,0,0,0,0,0,0,0,0,1,0,1,1,0,1,0,0,0,0,0,0,0,0,0,0,0,0,0,0,0,0,0,0,0,0,0,0,0,0,0,0,0,0,0,0,0,1,2,schea102,,,huhne101,,,,,,smitf106,,,smitf106,,,,,,,,,,,0,0,0,0,0,0,0,0,0,0,0,0,whitg103,mckeb101,rouse101,lapof101,schag101,esmoj101,schea102,huhne101,falkc101,9,5,8,4,3,6,7,2,1,owenf101,swach101,knabo101,walsj101,doolm101,zinng101,duncv101,meyeb103,0,0,0,0,0,0,1,0,0,0,0,0,1,0,0,0,0,0,0,36,3,0,0,0,0,0,0,3,,G,1,6,70,mccob104,westf901,,,,,19150410,regular,full,FL,FL
BLF191504100,PO1(E4).1-2,8,0,0,BAL10,NEW,BLF,6,5,falkc101,smitf106,9,1,R,R,,,??,,,0,0,0,0,0,0,0,0,0,0,0,0,0,0,0,0,0,0,0,0,0,0,0,0,0,0,0,0,0,0,0,0,0,0,0,0,0,0,1,0,0,0,0,0,0,1,0,0,0,0,0,2,2,huhne101,,,,huhne101,,,,,smitf106,,,,smitf106,,,,,,,,,,0,0,0,0,0,0,0,0,0,0,0,0,whitg103,mckeb101,rouse101,lapof101,schag101,esmoj101,schea102,huhne101,falkc101,9,5,8,4,3,6,7,2,1,owenf101,swach101,knabo101,walsj101,doolm101,zinng101,duncv101,meyeb103,0,0,0,0,0,0,0,0,0,0,0,0,0,0,0,0,0,0,0,,0,0,0,0,0,0,0,0,,,0,0,71,mccob104,westf901,,,,,19150410,regular,full,FL,FL
BLF191504100,2/BP,8,0,0,BAL10,NEW,BLF,6,5,falkc101,smitf106,9,1,R,R,,,??,,,1,1,0,0,0,0,0,0,0,0,0,0,0,0,1,0,1,1,1,0,0,0,0,0,0,0,0,0,0,0,0,0,0,0,0,0,0,0,0,0,0,0,0,0,0,0,0,0,0,0,0,2,3,,huhne101,,,,,huhne101,,,,smitf106,,,,,,,,,,,,,0,0,0,0,0,0,0,0,0,0,0,0,whitg103,mckeb101,rouse101,lapof101,schag101,esmoj101,schea102,huhne101,falkc101,9,5,8,4,3,6,7,2,1,owenf101,swach101,knabo101,walsj101,doolm101,zinng101,duncv101,meyeb103,0,0,1,0,0,0,0,0,0,0,0,0,0,0,0,0,0,0,0,2,2,0,0,0,0,0,0,2,,BP,0,0,72,mccob104,westf901,,,,,19150410,regular,full,FL,FL
BLF191504100,D7/L,8,1,1,BAL10,BLF,NEW,6,5,swach101,falkc101,5,3,R,R,,,??,,,1,1,0,1,0,0,0,0,0,0,0,0,0,0,0,0,0,1,0,0,0,1,0,0,0,0,0,0,0,0,0,0,0,0,0,0,0,0,0,0,0,0,0,0,0,0,0,0,0,0,0,0,0,,,,,swach101,,,,,,,,,falkc101,,,,,,,,,,0,0,0,0,0,0,0,0,0,0,0,0,meyeb103,knabo101,duncv101,zinng101,swach101,walsj101,doolm101,owenf101,smitf106,9,4,8,7,3,5,6,2,1,huhne101,schag101,lapof101,mckeb101,esmoj101,schea102,rouse101,whitg103,0,0,0,0,0,0,0,0,0,0,0,0,0,0,0,0,0,0,0,,0,0,0,0,0,0,0,7,,L,0,0,73,mccob104,westf901,,,,,19150410,regular,full,FL,FL
BLF191504100,PO2(16),8,1,1,BAL10,BLF,NEW,6,5,walsj101,falkc101,6,5,R,R,,,??,,,0,0,0,0,0,0,0,0,0,0,0,0,0,0,0,0,0,0,0,0,0,0,0,0,0,0,0,0,0,0,0,0,0,0,0,0,0,0,0,1,0,0,0,0,0,0,0,0,0,0,0,0,1,,swach101,,,,,,,,,falkc101,,,,,,,,,,,,,0,0,0,0,0,0,0,0,0,0,0,0,meyeb103,knabo101,duncv101,zinng101,swach101,walsj101,doolm101,owenf101,smitf106,9,4,8,7,3,5,6,2,1,huhne101,schag101,lapof101,mckeb101,esmoj101,schea102,rouse101,whitg103,0,0,0,0,0,0,1,0,0,0,1,0,0,0,0,0,0,0,0,16,0,0,0,0,0,0,0,0,,,0,0,74,mccob104,westf901,,,,,19150410,regular,full,FL,FL
BLF191504100,2/P,8,1,1,BAL10,BLF,NEW,6,5,walsj101,falkc101,6,5,R,R,,,??,,,1,1,0,0,0,0,0,0,0,0,0,0,0,0,1,0,1,1,0,0,1,0,0,0,0,0,0,0,0,0,0,0,0,0,0,0,0,0,0,0,0,0,0,0,0,0,0,0,0,0,0,1,2,,,,,,,,,,,,,,,,,,,,,,,,0,0,0,0,0,0,0,0,0,0,0,0,meyeb103,knabo101,duncv101,zinng101,swach101,walsj101,doolm101,owenf101,smitf106,9,4,8,7,3,5,6,2,1,huhne101,schag101,lapof101,mckeb101,esmoj101,schea102,rouse101,whitg103,0,0,1,0,0,0,0,0,0,0,0,0,0,0,0,0,0,0,0,2,2,0,0,0,0,0,0,2,,P,0,0,75,mccob104,westf901,,,,,19150410,regular,full,FL,FL
BLF191504100,K,8,1,1,BAL10,BLF,NEW,6,5,doolm101,falkc101,7,6,R,R,,,??,,,1,1,0,0,0,0,0,0,0,0,1,0,0,0,0,0,0,0,0,0,0,0,0,0,0,0,0,0,0,0,0,0,0,0,0,0,0,0,0,0,0,0,0,0,0,0,0,0,0,0,0,2,3,,,,,,,,,,,,,,,,,,,,,,,,0,0,0,0,0,0,0,0,0,0,0,0,meyeb103,knabo101,duncv101,zinng101,swach101,walsj101,doolm101,owenf101,smitf106,9,4,8,7,3,5,6,2,1,huhne101,schag101,lapof101,mckeb101,esmoj101,schea102,rouse101,whitg103,0,0,1,0,0,0,0,0,0,0,0,0,0,0,0,0,0,0,0,2,0,0,0,0,0,0,0,0,,,0,0,76,mccob104,westf901,,,,,19150410,regular,full,FL,FL
BLF191504100,K,9,0,0,BAL10,NEW,BLF,6,5,whitg103,smitf106,1,9,B,R,,,??,,,1,1,0,0,0,0,0,0,0,0,1,0,0,0,0,0,0,0,0,0,0,0,0,0,0,0,0,0,0,0,0,0,0,0,0,0,0,0,0,0,0,0,0,0,0,0,0,0,0,0,0,0,1,,,,,,,,,,,,,,,,,,,,,,,,0,0,0,0,0,0,0,0,0,0,0,0,whitg103,mckeb101,rouse101,lapof101,schag101,esmoj101,schea102,huhne101,falkc101,9,5,8,4,3,6,7,2,1,owenf101,swach101,knabo101,walsj101,doolm101,zinng101,duncv101,meyeb103,0,0,1,0,0,0,0,0,0,0,0,0,0,0,0,0,0,0,0,2,0,0,0,0,0,0,0,0,,,0,0,77,mccob104,westf901,,,,,19150410,regular,full,FL,FL
BLF191504100,S4/BG,9,0,0,BAL10,NEW,BLF,6,5,mckeb101,smitf106,2,5,B,R,,,??,,,1,1,1,0,0,0,0,0,0,0,0,0,0,0,0,0,0,1,1,0,0,0,0,0,0,0,0,0,0,0,0,0,0,0,0,0,0,0,0,0,0,0,0,0,0,0,0,0,0,0,0,1,1,,,,mckeb101,,,,,,,,,smitf106,,,,,,,,,,,0,0,0,0,0,0,0,0,0,0,0,0,whitg103,mckeb101,rouse101,lapof101,schag101,esmoj101,schea102,huhne101,falkc101,9,5,8,4,3,6,7,2,1,owenf101,swach101,knabo101,walsj101,doolm101,zinng101,duncv101,meyeb103,0,0,0,0,0,0,0,0,0,0,0,0,0,0,0,0,0,0,0,,0,0,0,0,0,0,0,4,,BG,0,0,78,mccob104,westf901,,,,,19150410,regular,full,FL,FL
BLF191504100,43.1-2,9,0,0,BAL10,NEW,BLF,6,5,rouse101,smitf106,3,8,L,R,,,??,,,1,1,0,0,0,0,0,0,0,0,0,0,0,0,1,0,1,1,0,1,0,0,0,0,0,0,0,0,0,0,0,0,0,0,0,0,0,0,0,0,0,0,0,0,0,0,0,0,0,0,0,1,2,mckeb101,,,,mckeb101,,,,,smitf106,,,,smitf106,,,,,,,,,,0,0,0,0,0,0,0,0,0,0,0,0,whitg103,mckeb101,rouse101,lapof101,schag101,esmoj101,schea102,huhne101,falkc101,9,5,8,4,3,6,7,2,1,owenf101,swach101,knabo101,walsj101,doolm101,zinng101,duncv101,meyeb103,0,0,0,1,0,0,0,0,0,0,0,0,0,1,0,0,0,0,0,43,4,0,0,0,0,0,0,4,3+,G,0,0,79,mccob104,westf901,,,,,19150410,regular,full,FL,FL
BLF191504100,D7.2-H,9,0,0,BAL10,NEW,BLF,6,5,lapof101,smitf106,4,4,R,R,,,??,,,1,1,0,1,0,0,0,0,0,0,0,0,0,0,0,0,0,1,0,0,0,0,0,0,0,0,0,0,0,0,0,0,0,0,0,0,0,0,0,0,0,0,0,0,0,0,0,0,0,0,0,2,2,,mckeb101,,,lapof101,,,,,,smitf106,,,smitf106,,,,mckeb101,,,,smitf106,,0,0,0,0,0,0,1,0,1,1,1,0,whitg103,mckeb101,rouse101,lapof101,schag101,esmoj101,schea102,huhne101,falkc101,9,5,8,4,3,6,7,2,1,owenf101,swach101,knabo101,walsj101,doolm101,zinng101,duncv101,meyeb103,0,0,0,0,0,0,0,0,0,0,0,0,0,0,0,0,0,0,0,,0,0,0,0,0,0,0,7,7+,,0,0,80,mccob104,westf901,,,,,19150410,regular,full,FL,FL
BLF191504100,53,9,0,0,BAL10,NEW,BLF,7,5,schag101,smitf106,5,3,R,R,,,??,,,1,1,0,0,0,0,0,0,0,0,0,0,0,0,1,0,1,1,0,1,0,0,0,0,0,0,0,0,0,0,0,0,0,0,0,0,0,0,0,0,0,0,0,0,0,0,0,0,0,0,0,2,3,,lapof101,,,,,lapof101,,,,smitf106,,,,,,,,,,,,,0,0,0,0,0,0,0,0,0,0,0,0,whitg103,mckeb101,rouse101,lapof101,schag101,esmoj101,schea102,huhne101,falkc101,9,5,8,4,3,6,7,2,1,owenf101,swach101,knabo101,walsj101,doolm101,zinng101,duncv101,meyeb103,0,0,0,1,0,0,0,0,0,0,0,0,0,0,1,0,0,0,0,53,5,0,0,0,0,0,0,5,3+,G,0,0,81,mccob104,westf901,,,,,19150410,regular,full,FL,FL
BLF191504100,6/F,9,1,1,BAL10,BLF,NEW,7,5,owenf101,falkc101,8,2,R,R,,,??,,,1,1,0,0,0,0,0,0,0,0,0,0,0,0,1,0,1,1,0,0,1,0,0,0,0,0,0,0,0,0,0,0,0,0,0,0,0,0,0,0,0,0,0,0,0,0,0,0,0,0,0,0,1,,,,,,,,,,,,,,,,,,,,,,,,0,0,0,0,0,0,0,0,0,0,0,0,meyeb103,knabo101,duncv101,zinng101,swach101,walsj101,doolm101,owenf101,smitf106,9,4,8,7,3,5,6,2,1,huhne101,schag101,lapof101,mckeb101,esmoj101,schea102,rouse101,whitg103,0,0,0,0,0,0,1,0,0,0,0,0,0,0,0,0,0,0,0,6,6,0,0,0,0,0,0,6,,F,0,0,82,mccob104,westf901,,,,,19150410,regular,full,FL,FL
BLF191504100,NP,9,1,1,BAL10,BLF,NEW,7,5,smitf106,falkc101,9,1,R,R,,,??,,,0,0,0,0,0,0,0,0,0,0,0,0,0,0,0,0,0,0,0,0,0,0,0,0,0,0,0,0,0,0,0,0,0,0,0,0,0,0,0,0,0,0,0,0,0,0,0,0,0,0,0,1,1,,,,,,,,,,,,,,,,,,,,,,,,0,0,0,0,0,0,0,0,0,0,0,0,meyeb103,knabo101,duncv101,zinng101,swach101,walsj101,doolm101,owenf101,smitf106,9,4,8,7,3,5,6,2,1,huhne101,schag101,lapof101,mckeb101,esmoj101,schea102,rouse101,whitg103,0,0,0,0,0,0,0,0,0,0,0,0,0,0,0,0,0,0,0,,0,0,0,0,0,0,0,0,,,0,0,83,mccob104,westf901,,,,,19150410,regular,full,FL,FL
BLF191504100,K,9,1,1,BAL10,BLF,NEW,7,5,kirke101,falkc101,9,11,R,R,,,??,,,1,1,0,0,0,0,0,0,0,0,1,0,0,0,0,0,0,0,0,0,0,0,0,0,0,0,0,0,0,0,0,0,0,0,0,0,0,0,0,0,0,0,0,0,0,0,0,0,0,0,0,1,2,,,,,,,,,,,,,,,,,,,,,,,,0,0,0,0,0,0,0,0,0,0,0,0,meyeb103,knabo101,duncv101,zinng101,swach101,walsj101,doolm101,owenf101,kirke101,9,4,8,7,3,5,6,2,11,huhne101,schag101,lapof101,mckeb101,esmoj101,schea102,rouse101,whitg103,0,0,1,0,0,0,0,0,0,0,0,0,0,0,0,0,0,0,0,2,0,0,0,0,0,0,0,0,,,0,0,84,mccob104,westf901,,,,,19150410,regular,full,FL,FL
BLF191504100,W,9,1,1,BAL10,BLF,NEW,7,5,meyeb103,falkc101,1,9,R,R,,,??,,,1,0,0,0,0,0,0,0,0,1,0,0,0,0,0,0,0,0,0,0,0,0,0,0,0,0,0,0,0,0,0,0,0,0,0,0,0,0,0,0,0,0,0,0,0,0,0,0,0,0,0,2,2,,,,meyeb103,,,,,,,,,falkc101,,,,,,,,,,,0,0,0,0,0,0,0,0,0,0,0,0,meyeb103,knabo101,duncv101,zinng101,swach101,walsj101,doolm101,owenf101,kirke101,9,4,8,7,3,5,6,2,11,huhne101,schag101,lapof101,mckeb101,esmoj101,schea102,rouse101,whitg103,0,0,0,0,0,0,0,0,0,0,0,0,0,0,0,0,0,0,0,,0,0,0,0,0,0,0,0,,,0,0,85,mccob104,westf901,,,,,19150410,regular,full,FL,FL
BLF191504100,9/F,9,1,1,BAL10,BLF,NEW,7,5,knabo101,falkc101,2,4,R,R,,,??,,,1,1,0,0,0,0,0,0,0,0,0,0,0,0,1,0,1,1,0,0,1,0,0,0,0,0,0,0,0,0,0,0,0,0,0,0,0,0,0,0,0,0,0,0,0,0,0,0,0,0,0,2,3,meyeb103,,,,,,meyeb103,,,falkc101,,,,,,,,,,,,,,0,0,0,0,0,0,0,0,0,0,0,0,meyeb103,knabo101,duncv101,zinng101,swach101,walsj101,doolm101,owenf101,kirke101,9,4,8,7,3,5,6,2,11,huhne101,schag101,lapof101,mckeb101,esmoj101,schea102,rouse101,whitg103,0,0,0,0,0,0,0,0,0,1,0,0,0,0,0,0,0,0,0,9,9,0,0,0,0,0,0,9,,F,0,0,86,mccob104,westf901,,,,,19150410,regular,full,FL,FL
CHF191504100,W,1,0,0,CHI11,SLF,CHF,0,0,tobij101,hendc101,1,9,L,R,,,??,,,1,0,0,0,0,0,0,0,0,1,0,0,0,0,0,0,0,0,0,0,0,0,0,0,0,0,0,0,0,0,0,0,0,0,0,0,0,0,0,0,0,0,0,0,0,0,0,0,0,0,0,0,0,,,,tobij101,,,,,,,,,hendc101,,,,,,,,,,,0,0,0,0,0,0,0,0,0,0,0,0,tobij101,brida101,drakd101,bortb101,millw104,hartg102,dealc102,johne102,plane101,9,4,8,3,7,2,5,6,1,wilsa102,beckf101,farrj104,zeidr101,smitj107,mannl101,zwild101,wicka101,0,0,0,0,0,0,0,0,0,0,0,0,0,0,0,0,0,0,0,,0,0,0,0,0,0,0,0,,,0,0,1,finnw901,howeh101,,,,,19150410,regular,full,FL,FL
CHF191504100,23.1-2,1,0,0,CHI11,SLF,CHF,0,0,brida101,hendc101,2,4,L,R,,,??,,,1,1,0,0,0,0,0,0,0,0,0,0,0,0,1,0,1,1,0,1,0,0,0,0,0,0,0,0,0,0,0,0,0,0,0,0,0,0,0,0,0,0,0,0,0,0,0,0,0,0,0,0,1,tobij101,,,,tobij101,,,,,hendc101,,,,hendc101,,,,,,,,,,0,0,0,0,0,0,0,0,0,0,0,0,tobij101,brida101,drakd101,bortb101,millw104,hartg102,dealc102,johne102,plane101,9,4,8,3,7,2,5,6,1,wilsa102,beckf101,farrj104,zeidr101,smitj107,mannl101,zwild101,wicka101,0,0,0,1,0,0,0,0,0,0,0,1,0,0,0,0,0,0,0,23,2,0,0,0,0,0,0,2,23+,G,0,0,2,finnw901,howeh101,,,,,19150410,regular,full,FL,FL
CHF191504100,3/FL,1,0,0,CHI11,SLF,CHF,0,0,drakd101,hendc101,3,8,R,R,,,??,,,1,1,0,0,0,0,0,0,0,0,0,0,0,0,1,0,1,1,0,0,1,0,0,0,0,0,0,0,0,0,0,0,0,0,0,0,0,0,0,0,0,0,0,0,0,0,0,0,0,0,0,1,2,,tobij101,,,tobij101,,,,,,hendc101,,,hendc101,,,,,,,,,,0,0,0,0,0,0,0,0,0,0,0,0,tobij101,brida101,drakd101,bortb101,millw104,hartg102,dealc102,johne102,plane101,9,4,8,3,7,2,5,6,1,wilsa102,beckf101,farrj104,zeidr101,smitj107,mannl101,zwild101,wicka101,0,0,0,1,0,0,0,0,0,0,0,0,0,0,0,0,0,0,0,3,3,0,0,0,0,0,0,3,,F,0,0,3,finnw901,howeh101,,,,,19150410,regular,full,FL,FL
CHF191504100,K,1,0,0,CHI11,SLF,CHF,0,0,bortb101,hendc101,4,3,L,R,,,??,,,1,1,0,0,0,0,0,0,0,0,1,0,0,0,0,0,0,0,0,0,0,0,0,0,0,0,0,0,0,0,0,0,0,0,0,0,0,0,0,0,0,0,0,0,0,0,0,0,0,0,0,2,3,,tobij101,,,,,tobij101,,,,hendc101,,,,,,,,,,,,,0,0,0,0,0,0,0,0,0,0,0,0,tobij101,brida101,drakd101,bortb101,millw104,hartg102,dealc102,johne102,plane101,9,4,8,3,7,2,5,6,1,wilsa102,beckf101,farrj104,zeidr101,smitj107,mannl101,zwild101,wicka101,0,0,1,0,0,0,0,0,0,0,0,0,0,0,0,0,0,0,0,2,0,0,0,0,0,0,0,0,,,0,0,4,finnw901,howeh101,,,,,19150410,regular,full,FL,FL
CHF191504100,K,1,1,1,CHI11,CHF,SLF,0,0,wicka101,plane101,1,9,L,L,,,??,,,1,1,0,0,0,0,0,0,0,0,1,0,0,0,0,0,0,0,0,0,0,0,0,0,0,0,0,0,0,0,0,0,0,0,0,0,0,0,0,0,0,0,0,0,0,0,0,0,0,0,0,0,1,,,,,,,,,,,,,,,,,,,,,,,,0,0,0,0,0,0,0,0,0,0,0,0,wicka101,mannl101,zwild101,wilsa102,zeidr101,beckf101,smitj107,farrj104,hendc101,9,7,8,2,5,3,6,4,1,hartg102,bortb101,brida101,dealc102,johne102,millw104,drakd101,tobij101,0,0,1,0,0,0,0,0,0,0,0,0,0,0,0,0,0,0,0,2,0,0,0,0,0,0,0,0,,,0,0,5,finnw901,howeh101,,,,,19150410,regular,full,FL,FL
CHF191504100,3/FL,1,1,1,CHI11,CHF,SLF,0,0,mannl101,plane101,2,7,R,L,,,??,,,1,1,0,0,0,0,0,0,0,0,0,0,0,0,1,0,1,1,0,0,1,0,0,0,0,0,0,0,0,0,0,0,0,0,0,0,0,0,0,0,0,0,0,0,0,0,0,0,0,0,0,1,2,,,,,,,,,,,,,,,,,,,,,,,,0,0,0,0,0,0,0,0,0,0,0,0,wicka101,mannl101,zwild101,wilsa102,zeidr101,beckf101,smitj107,farrj104,hendc101,9,7,8,2,5,3,6,4,1,hartg102,bortb101,brida101,dealc102,johne102,millw104,drakd101,tobij101,0,0,0,1,0,0,0,0,0,0,0,0,0,0,0,0,0,0,0,3,3,0,0,0,0,0,0,3,,F,0,0,6,finnw901,howeh101,,,,,19150410,regular,full,FL,FL
CHF191504100,K,1,1,1,CHI11,CHF,SLF,0,0,zwild101,plane101,3,8,L,L,,,??,,,1,1,0,0,0,0,0,0,0,0,1,0,0,0,0,0,0,0,0,0,0,0,0,0,0,0,0,0,0,0,0,0,0,0,0,0,0,0,0,0,0,0,0,0,0,0,0,0,0,0,0,2,3,,,,,,,,,,,,,,,,,,,,,,,,0,0,0,0,0,0,0,0,0,0,0,0,wicka101,mannl101,zwild101,wilsa102,zeidr101,beckf101,smitj107,farrj104,hendc101,9,7,8,2,5,3,6,4,1,hartg102,bortb101,brida101,dealc102,johne102,millw104,drakd101,tobij101,0,0,1,0,0,0,0,0,0,0,0,0,0,0,0,0,0,0,0,2,0,0,0,0,0,0,0,0,,,0,0,7,finnw901,howeh101,,,,,19150410,regular,full,FL,FL
CHF191504100,7/F,2,0,0,CHI11,SLF,CHF,0,0,millw104,hendc101,5,7,L,R,,,??,,,1,1,0,0,0,0,0,0,0,0,0,0,0,0,1,0,1,1,0,0,1,0,0,0,0,0,0,0,0,0,0,0,0,0,0,0,0,0,0,0,0,0,0,0,0,0,0,0,0,0,0,0,1,,,,,,,,,,,,,,,,,,,,,,,,0,0,0,0,0,0,0,0,0,0,0,0,tobij101,brida101,drakd101,bortb101,millw104,hartg102,dealc102,johne102,plane101,9,4,8,3,7,2,5,6,1,wilsa102,beckf101,farrj104,zeidr101,smitj107,mannl101,zwild101,wicka101,0,0,0,0,0,0,0,1,0,0,0,0,0,0,0,0,0,0,0,7,7,0,0,0,0,0,0,7,,F,0,0,8,finnw901,howeh101,,,,,19150410,regular,full,FL,FL
CHF191504100,13,2,0,0,CHI11,SLF,CHF,0,0,hartg102,hendc101,6,2,R,R,,,??,,,1,1,0,0,0,0,0,0,0,0,0,0,0,0,1,0,1,1,0,1,0,0,0,0,0,0,0,0,0,0,0,0,0,0,0,0,0,0,0,0,0,0,0,0,0,0,0,0,0,0,0,1,2,,,,,,,,,,,,,,,,,,,,,,,,0,0,0,0,0,0,0,0,0,0,0,0,tobij101,brida101,drakd101,bortb101,millw104,hartg102,dealc102,johne102,plane101,9,4,8,3,7,2,5,6,1,wilsa102,beckf101,farrj104,zeidr101,smitj107,mannl101,zwild101,wicka101,0,0,0,1,0,0,0,0,0,0,1,0,0,0,0,0,0,0,0,13,1,0,0,0,0,0,0,1,13+,G,0,0,9,finnw901,howeh101,,,,,19150410,regular,full,FL,FL
CHF191504100,K/C,2,0,0,CHI11,SLF,CHF,0,0,dealc102,hendc101,7,5,R,R,,,??,,,1,1,0,0,0,0,0,0,0,0,1,0,0,0,0,0,0,0,0,0,0,0,0,0,0,0,0,0,0,0,0,0,0,0,0,0,0,0,0,0,0,0,0,0,0,0,0,0,0,0,0,2,3,,,,,,,,,,,,,,,,,,,,,,,,0,0,0,0,0,0,0,0,0,0,0,0,tobij101,brida101,drakd101,bortb101,millw104,hartg102,dealc102,johne102,plane101,9,4,8,3,7,2,5,6,1,wilsa102,beckf101,farrj104,zeidr101,smitj107,mannl101,zwild101,wicka101,0,0,1,0,0,0,0,0,0,0,0,0,0,0,0,0,0,0,0,2,0,0,0,0,0,0,0,0,,,0,0,10,finnw901,howeh101,,,,,19150410,regular,full,FL,FL
CHF191504100,W,2,1,1,CHI11,CHF,SLF,0,0,wilsa102,plane101,4,2,R,L,,,??,,,1,0,0,0,0,0,0,0,0,1,0,0,0,0,0,0,0,0,0,0,0,0,0,0,0,0,0,0,0,0,0,0,0,0,0,0,0,0,0,0,0,0,0,0,0,0,0,0,0,0,0,0,0,,,,wilsa102,,,,,,,,,plane101,,,,,,,,,,,0,0,0,0,0,0,0,0,0,0,0,0,wicka101,mannl101,zwild101,wilsa102,zeidr101,beckf101,smitj107,farrj104,hendc101,9,7,8,2,5,3,6,4,1,hartg102,bortb101,brida101,dealc102,johne102,millw104,drakd101,tobij101,0,0,0,0,0,0,0,0,0,0,0,0,0,0,0,0,0,0,0,,0,0,0,0,0,0,0,0,,,0,0,11,finnw901,howeh101,,,,,19150410,regular,full,FL,FL
CHF191504100,43.1-2,2,1,1,CHI11,CHF,SLF,0,0,zeidr101,plane101,5,5,R,L,,,??,,,1,1,0,0,0,0,0,0,0,0,0,0,0,0,1,0,1,1,0,1,0,0,0,0,0,0,0,0,0,0,0,0,0,0,0,0,0,0,0,0,0,0,0,0,0,0,0,0,0,0,0,0,1,wilsa102,,,,wilsa102,,,,,plane101,,,,plane101,,,,,,,,,,0,0,0,0,0,0,0,0,0,0,0,0,wicka101,mannl101,zwild101,wilsa102,zeidr101,beckf101,smitj107,farrj104,hendc101,9,7,8,2,5,3,6,4,1,hartg102,bortb101,brida101,dealc102,johne102,millw104,drakd101,tobij101,0,0,0,1,0,0,0,0,0,0,0,0,0,1,0,0,0,0,0,43,4,0,0,0,0,0,0,4,3+,G,0,0,12,finnw901,howeh101,,,,,19150410,regular,full,FL,FL
CHF191504100,K,2,1,1,CHI11,CHF,SLF,0,0,beckf101,plane101,6,3,L,L,,,??,,,1,1,0,0,0,0,0,0,0,0,1,0,0,0,0,0,0,0,0,0,0,0,0,0,0,0,0,0,0,0,0,0,0,0,0,0,0,0,0,0,0,0,0,0,0,0,0,0,0,0,0,1,2,,wilsa102,,,wilsa102,,,,,,plane101,,,plane101,,,,,,,,,,0,0,0,0,0,0,0,0,0,0,0,0,wicka101,mannl101,zwild101,wilsa102,zeidr101,beckf101,smitj107,farrj104,hendc101,9,7,8,2,5,3,6,4,1,hartg102,bortb101,brida101,dealc102,johne102,millw104,drakd101,tobij101,0,0,1,0,0,0,0,0,0,0,0,0,0,0,0,0,0,0,0,2,0,0,0,0,0,0,0,0,,,0,0,13,finnw901,howeh101,,,,,19150410,regular,full,FL,FL
CHF191504100,K,2,1,1,CHI11,CHF,SLF,0,0,smitj107,plane101,7,6,B,L,,,??,,,1,1,0,0,0,0,0,0,0,0,1,0,0,0,0,0,0,0,0,0,0,0,0,0,0,0,0,0,0,0,0,0,0,0,0,0,0,0,0,0,0,0,0,0,0,0,0,0,0,0,0,2,3,,wilsa102,,,,,wilsa102,,,,plane101,,,,,,,,,,,,,0,0,0,0,0,0,0,0,0,0,0,0,wicka101,mannl101,zwild101,wilsa102,zeidr101,beckf101,smitj107,farrj104,hendc101,9,7,8,2,5,3,6,4,1,hartg102,bortb101,brida101,dealc102,johne102,millw104,drakd101,tobij101,0,0,1,0,0,0,0,0,0,0,0,0,0,0,0,0,0,0,0,2,0,0,0,0,0,0,0,0,,,0,0,14,finnw901,howeh101,,,,,19150410,regular,full,FL,FL
CHF191504100,S8,3,0,0,CHI11,SLF,CHF,0,0,johne102,hendc101,8,6,L,R,,,??,,,1,1,1,0,0,0,0,0,0,0,0,0,0,0,0,0,0,1,0,0,0,0,0,0,0,0,0,0,0,0,0,0,0,0,0,0,0,0,0,0,0,0,0,0,0,0,0,0,0,0,0,0,0,,,,johne102,,,,,,,,,hendc101,,,,,,,,,,,0,0,0,0,0,0,0,0,0,0,0,0,tobij101,brida101,drakd101,bortb101,millw104,hartg102,dealc102,johne102,plane101,9,4,8,3,7,2,5,6,1,wilsa102,beckf101,farrj104,zeidr101,smitj107,mannl101,zwild101,wicka101,0,0,0,0,0,0,0,0,0,0,0,0,0,0,0,0,0,0,0,,0,0,0,0,0,0,0,8,8+,,0,0,15,finnw901,howeh101,,,,,19150410,regular,full,FL,FL
CHF191504100,7/F,3,0,0,CHI11,SLF,CHF,0,0,plane101,hendc101,9,1,L,R,,,??,,,1,1,0,0,0,0,0,0,0,0,0,0,0,0,1,0,1,1,0,0,1,0,0,0,0,0,0,0,0,0,0,0,0,0,0,0,0,0,0,0,0,0,0,0,0,0,0,0,0,0,0,0,1,johne102,,,johne102,,,,,,hendc101,,,hendc101,,,,,,,,,,,0,0,0,0,0,0,0,0,0,0,0,0,tobij101,brida101,drakd101,bortb101,millw104,hartg102,dealc102,johne102,plane101,9,4,8,3,7,2,5,6,1,wilsa102,beckf101,farrj104,zeidr101,smitj107,mannl101,zwild101,wicka101,0,0,0,0,0,0,0,1,0,0,0,0,0,0,0,0,0,0,0,7,7,0,0,0,0,0,0,7,,F,0,0,16,finnw901,howeh101,,,,,19150410,regular,full,FL,FL
CHF191504100,13.1-2,3,0,0,CHI11,SLF,CHF,0,0,tobij101,hendc101,1,9,L,R,,,??,,,1,1,0,0,0,0,0,0,0,0,0,0,0,0,1,0,1,1,0,1,0,0,0,0,0,0,0,0,0,0,0,0,0,0,0,0,0,0,0,0,0,0,0,0,0,0,0,0,0,0,0,1,2,johne102,,,,johne102,,,,,hendc101,,,,hendc101,,,,,,,,,,0,0,0,0,0,0,0,0,0,0,0,0,tobij101,brida101,drakd101,bortb101,millw104,hartg102,dealc102,johne102,plane101,9,4,8,3,7,2,5,6,1,wilsa102,beckf101,farrj104,zeidr101,smitj107,mannl101,zwild101,wicka101,0,0,0,1,0,0,0,0,0,0,1,0,0,0,0,0,0,0,0,13,1,0,0,0,0,0,0,1,13+,G,0,0,17,finnw901,howeh101,,,,,19150410,regular,full,FL,FL
CHF191504100,W,3,0,0,CHI11,SLF,CHF,0,0,brida101,hendc101,2,4,L,R,,,??,,,1,0,0,0,0,0,0,0,0,1,0,0,0,0,0,0,0,0,0,0,0,0,0,0,0,0,0,0,0,0,0,0,0,0,0,0,0,0,0,0,0,0,0,0,0,0,0,0,0,0,0,2,2,,johne102,,brida101,johne102,,,,,,hendc101,,hendc101,hendc101,,,,,,,,,,0,0,0,0,0,0,0,0,0,0,0,0,tobij101,brida101,drakd101,bortb101,millw104,hartg102,dealc102,johne102,plane101,9,4,8,3,7,2,5,6,1,wilsa102,beckf101,farrj104,zeidr101,smitj107,mannl101,zwild101,wicka101,0,0,0,0,0,0,0,0,0,0,0,0,0,0,0,0,0,0,0,,0,0,0,0,0,0,0,0,,,0,0,18,finnw901,howeh101,,,,,19150410,regular,full,FL,FL
CHF191504100,W.2-3;1-2,3,0,0,CHI11,SLF,CHF,0,0,drakd101,hendc101,3,8,R,R,,,??,,,1,0,0,0,0,0,0,0,0,1,0,0,0,0,0,0,0,0,0,0,0,0,0,0,0,0,0,0,0,0,0,0,0,0,0,0,0,0,0,0,0,0,0,0,0,0,0,0,0,0,0,2,2,brida101,johne102,,drakd101,brida101,johne102,,,,hendc101,hendc101,,hendc101,hendc101,hendc101,,,,,,,,,0,0,0,0,0,0,0,0,0,0,0,0,tobij101,brida101,drakd101,bortb101,millw104,hartg102,dealc102,johne102,plane101,9,4,8,3,7,2,5,6,1,wilsa102,beckf101,farrj104,zeidr101,smitj107,mannl101,zwild101,wicka101,0,0,0,0,0,0,0,0,0,0,0,0,0,0,0,0,0,0,0,,0,0,0,0,0,0,0,0,,,0,0,19,finnw901,howeh101,,,,,19150410,regular,full,FL,FL
CHF191504100,8/L8D,3,0,0,CHI11,SLF,CHF,0,0,bortb101,hendc101,4,3,L,R,,,??,,,1,1,0,0,0,0,0,0,0,0,0,0,0,0,1,0,1,1,0,0,0,1,0,0,0,0,0,0,0,0,0,0,0,0,0,0,0,0,0,0,0,0,0,0,0,0,0,0,0,0,0,2,3,drakd101,brida101,johne102,,,,johne102,brida101,drakd101,hendc101,hendc101,hendc101,,,,,,,,,,,,0,0,0,0,0,0,0,0,0,0,0,0,tobij101,brida101,drakd101,bortb101,millw104,hartg102,dealc102,johne102,plane101,9,4,8,3,7,2,5,6,1,wilsa102,beckf101,farrj104,zeidr101,smitj107,mannl101,zwild101,wicka101,0,0,0,0,0,0,0,0,1,0,0,0,0,0,0,0,0,0,0,8,8,0,0,0,0,0,0,8,8D+,L,0,0,20,finnw901,howeh101,,,,,19150410,regular,full,FL,FL
CHF191504100,3/G,3,1,1,CHI11,CHF,SLF,0,0,farrj104,plane101,8,4,B,L,,,??,,,1,1,0,0,0,0,0,0,0,0,0,0,0,0,1,0,1,1,0,1,0,0,0,0,0,0,0,0,0,0,0,0,0,0,0,0,0,0,0,0,0,0,0,0,0,0,0,0,0,0,0,0,1,,,,,,,,,,,,,,,,,,,,,,,,0,0,0,0,0,0,0,0,0,0,0,0,wicka101,mannl101,zwild101,wilsa102,zeidr101,beckf101,smitj107,farrj104,hendc101,9,7,8,2,5,3,6,4,1,hartg102,bortb101,brida101,dealc102,johne102,millw104,drakd101,tobij101,0,0,0,1,0,0,0,0,0,0,0,0,0,0,0,0,0,0,0,3,3,0,0,0,0,0,0,3,,G,0,0,21,finnw901,howeh101,,,,,19150410,regular,full,FL,FL
CHF191504100,3/G,3,1,1,CHI11,CHF,SLF,0,0,hendc101,plane101,9,1,R,L,,,??,,,1,1,0,0,0,0,0,0,0,0,0,0,0,0,1,0,1,1,0,1,0,0,0,0,0,0,0,0,0,0,0,0,0,0,0,0,0,0,0,0,0,0,0,0,0,0,0,0,0,0,0,1,2,,,,,,,,,,,,,,,,,,,,,,,,0,0,0,0,0,0,0,0,0,0,0,0,wicka101,mannl101,zwild101,wilsa102,zeidr101,beckf101,smitj107,farrj104,hendc101,9,7,8,2,5,3,6,4,1,hartg102,bortb101,brida101,dealc102,johne102,millw104,drakd101,tobij101,0,0,0,1,0,0,0,0,0,0,0,0,0,0,0,0,0,0,0,3,3,0,0,0,0,0,0,3,,G,0,0,22,finnw901,howeh101,,,,,19150410,regular,full,FL,FL
CHF191504100,3/G,3,1,1,CHI11,CHF,SLF,0,0,wicka101,plane101,1,9,L,L,,,??,,,1,1,0,0,0,0,0,0,0,0,0,0,0,0,1,0,1,1,0,1,0,0,0,0,0,0,0,0,0,0,0,0,0,0,0,0,0,0,0,0,0,0,0,0,0,0,0,0,0,0,0,2,3,,,,,,,,,,,,,,,,,,,,,,,,0,0,0,0,0,0,0,0,0,0,0,0,wicka101,mannl101,zwild101,wilsa102,zeidr101,beckf101,smitj107,farrj104,hendc101,9,7,8,2,5,3,6,4,1,hartg102,bortb101,brida101,dealc102,johne102,millw104,drakd101,tobij101,0,0,0,1,0,0,0,0,0,0,0,0,0,0,0,0,0,0,0,3,3,0,0,0,0,0,0,3,,G,0,0,23,finnw901,howeh101,,,,,19150410,regular,full,FL,FL
CHF191504100,43,4,0,0,CHI11,SLF,CHF,0,0,millw104,hendc101,5,7,L,R,,,??,,,1,1,0,0,0,0,0,0,0,0,0,0,0,0,1,0,1,1,0,1,0,0,0,0,0,0,0,0,0,0,0,0,0,0,0,0,0,0,0,0,0,0,0,0,0,0,0,0,0,0,0,0,1,,,,,,,,,,,,,,,,,,,,,,,,0,0,0,0,0,0,0,0,0,0,0,0,tobij101,brida101,drakd101,bortb101,millw104,hartg102,dealc102,johne102,plane101,9,4,8,3,7,2,5,6,1,wilsa102,beckf101,farrj104,zeidr101,smitj107,mannl101,zwild101,wicka101,0,0,0,1,0,0,0,0,0,0,0,0,0,1,0,0,0,0,0,43,4,0,0,0,0,0,0,4,3+,G,0,0,24,finnw901,howeh101,,,,,19150410,regular,full,FL,FL
CHF191504100,8/F,4,0,0,CHI11,SLF,CHF,0,0,hartg102,hendc101,6,2,R,R,,,??,,,1,1,0,0,0,0,0,0,0,0,0,0,0,0,1,0,1,1,0,0,1,0,0,0,0,0,0,0,0,0,0,0,0,0,0,0,0,0,0,0,0,0,0,0,0,0,0,0,0,0,0,1,2,,,,,,,,,,,,,,,,,,,,,,,,0,0,0,0,0,0,0,0,0,0,0,0,tobij101,brida101,drakd101,bortb101,millw104,hartg102,dealc102,johne102,plane101,9,4,8,3,7,2,5,6,1,wilsa102,beckf101,farrj104,zeidr101,smitj107,mannl101,zwild101,wicka101,0,0,0,0,0,0,0,0,1,0,0,0,0,0,0,0,0,0,0,8,8,0,0,0,0,0,0,8,,F,0,0,25,finnw901,howeh101,,,,,19150410,regular,full,FL,FL
CHF191504100,4/P,4,0,0,CHI11,SLF,CHF,0,0,dealc102,hendc101,7,5,R,R,,,??,,,1,1,0,0,0,0,0,0,0,0,0,0,0,0,1,0,1,1,0,0,1,0,0,0,0,0,0,0,0,0,0,0,0,0,0,0,0,0,0,0,0,0,0,0,0,0,0,0,0,0,0,2,3,,,,,,,,,,,,,,,,,,,,,,,,0,0,0,0,0,0,0,0,0,0,0,0,tobij101,brida101,drakd101,bortb101,millw104,hartg102,dealc102,johne102,plane101,9,4,8,3,7,2,5,6,1,wilsa102,beckf101,farrj104,zeidr101,smitj107,mannl101,zwild101,wicka101,0,0,0,0,1,0,0,0,0,0,0,0,0,0,0,0,0,0,0,4,4,0,0,0,0,0,0,4,,P,0,0,26,finnw901,howeh101,,,,,19150410,regular,full,FL,FL
CHF191504100,53,4,1,1,CHI11,CHF,SLF,0,0,mannl101,plane101,2,7,R,L,,,??,,,1,1,0,0,0,0,0,0,0,0,0,0,0,0,1,0,1,1,0,1,0,0,0,0,0,0,0,0,0,0,0,0,0,0,0,0,0,0,0,0,0,0,0,0,0,0,0,0,0,0,0,0,1,,,,,,,,,,,,,,,,,,,,,,,,0,0,0,0,0,0,0,0,0,0,0,0,wicka101,mannl101,zwild101,wilsa102,zeidr101,beckf101,smitj107,farrj104,hendc101,9,7,8,2,5,3,6,4,1,hartg102,bortb101,brida101,dealc102,johne102,millw104,drakd101,tobij101,0,0,0,1,0,0,0,0,0,0,0,0,0,0,1,0,0,0,0,53,5,0,0,0,0,0,0,5,3+,G,0,0,27,finnw901,howeh101,,,,,19150410,regular,full,FL,FL
CHF191504100,D9,4,1,1,CHI11,CHF,SLF,0,0,zwild101,plane101,3,8,L,L,,,??,,,1,1,0,1,0,0,0,0,0,0,0,0,0,0,0,0,0,1,0,0,0,0,0,0,0,0,0,0,0,0,0,0,0,0,0,0,0,0,0,0,0,0,0,0,0,0,0,0,0,0,0,1,1,,,,,zwild101,,,,,,,,,plane101,,,,,,,,,,0,0,0,0,0,0,0,0,0,0,0,0,wicka101,mannl101,zwild101,wilsa102,zeidr101,beckf101,smitj107,farrj104,hendc101,9,7,8,2,5,3,6,4,1,hartg102,bortb101,brida101,dealc102,johne102,millw104,drakd101,tobij101,0,0,0,0,0,0,0,0,0,0,0,0,0,0,0,0,0,0,0,,0,0,0,0,0,0,0,9,9+,,0,0,28,finnw901,howeh101,,,,,19150410,regular,full,FL,FL
CHF191504100,K/C,4,1,1,CHI11,CHF,SLF,0,0,wilsa102,plane101,4,2,R,L,,,??,,,1,1,0,0,0,0,0,0,0,0,1,0,0,0,0,0,0,0,0,0,0,0,0,0,0,0,0,0,0,0,0,0,0,0,0,0,0,0,0,0,0,0,0,0,0,0,0,0,0,0,0,1,2,,zwild101,,,zwild101,,,,,,plane101,,,plane101,,,,,,,,,,0,0,0,0,0,0,0,0,0,0,0,0,wicka101,mannl101,zwild101,wilsa102,zeidr101,beckf101,smitj107,farrj104,hendc101,9,7,8,2,5,3,6,4,1,hartg102,bortb101,brida101,dealc102,johne102,millw104,drakd101,tobij101,0,0,1,0,0,0,0,0,0,0,0,0,0,0,0,0,0,0,0,2,0,0,0,0,0,0,0,0,,,0,0,29,finnw901,howeh101,,,,,19150410,regular,full,FL,FL
CHF191504100,13,4,1,1,CHI11,CHF,SLF,0,0,zeidr101,plane101,5,5,R,L,,,??,,,1,1,0,0,0,0,0,0,0,0,0,0,0,0,1,0,1,1,0,1,0,0,0,0,0,0,0,0,0,0,0,0,0,0,0,0,0,0,0,0,0,0,0,0,0,0,0,0,0,0,0,2,3,,zwild101,,,,,zwild101,,,,plane101,,,,,,,,,,,,,0,0,0,0,0,0,0,0,0,0,0,0,wicka101,mannl101,zwild101,wilsa102,zeidr101,beckf101,smitj107,farrj104,hendc101,9,7,8,2,5,3,6,4,1,hartg102,bortb101,brida101,dealc102,johne102,millw104,drakd101,tobij101,0,0,0,1,0,0,0,0,0,0,1,0,0,0,0,0,0,0,0,13,1,0,0,0,0,0,0,1,13+,G,0,0,30,finnw901,howeh101,,,,,19150410,regular,full,FL,FL
CHF191504100,43,5,0,0,CHI11,SLF,CHF,0,0,johne102,hendc101,8,6,L,R,,,??,,,1,1,0,0,0,0,0,0,0,0,0,0,0,0,1,0,1,1,0,1,0,0,0,0,0,0,0,0,0,0,0,0,0,0,0,0,0,0,0,0,0,0,0,0,0,0,0,0,0,0,0,0,1,,,,,,,,,,,,,,,,,,,,,,,,0,0,0,0,0,0,0,0,0,0,0,0,tobij101,brida101,drakd101,bortb101,millw104,hartg102,dealc102,johne102,plane101,9,4,8,3,7,2,5,6,1,wilsa102,beckf101,farrj104,zeidr101,smitj107,mannl101,zwild101,wicka101,0,0,0,1,0,0,0,0,0,0,0,0,0,1,0,0,0,0,0,43,4,0,0,0,0,0,0,4,3+,G,0,0,31,finnw901,howeh101,,,,,19150410,regular,full,FL,FL
CHF191504100,T/78,5,0,0,CHI11,SLF,CHF,0,0,plane101,hendc101,9,1,L,R,,,??,,,1,1,0,0,1,0,0,0,0,0,0,0,0,0,0,0,0,1,0,0,0,0,0,0,0,0,0,0,0,0,0,0,0,0,0,0,0,0,0,0,0,0,0,0,0,0,0,0,0,0,0,1,1,,,,,,plane101,,,,,,,,,hendc101,,,,,,,,,0,0,0,0,0,0,0,0,0,0,0,0,tobij101,brida101,drakd101,bortb101,millw104,hartg102,dealc102,johne102,plane101,9,4,8,3,7,2,5,6,1,wilsa102,beckf101,farrj104,zeidr101,smitj107,mannl101,zwild101,wicka101,0,0,0,0,0,0,0,0,0,0,0,0,0,0,0,0,0,0,0,,0,0,0,0,0,0,0,7,78+,,0,0,32,finnw901,howeh101,,,,,19150410,regular,full,FL,FL
CHF191504100,T8.3-H,5,0,0,CHI11,SLF,CHF,0,0,tobij101,hendc101,1,9,L,R,,,??,,,1,1,0,0,1,0,0,0,0,0,0,0,0,0,0,0,0,1,0,0,0,0,0,0,0,0,0,0,0,0,0,0,0,0,0,0,0,0,0,0,0,0,0,0,0,0,0,0,0,0,0,1,1,,,plane101,,,tobij101,,,,,,hendc101,,,hendc101,,,,plane101,,,,hendc101,0,0,0,0,0,0,0,1,1,1,1,0,tobij101,brida101,drakd101,bortb101,millw104,hartg102,dealc102,johne102,plane101,9,4,8,3,7,2,5,6,1,wilsa102,beckf101,farrj104,zeidr101,smitj107,mannl101,zwild101,wicka101,0,0,0,0,0,0,0,0,0,0,0,0,0,0,0,0,0,0,0,,0,0,0,0,0,0,0,8,8+,,0,0,33,finnw901,howeh101,,,,,19150410,regular,full,FL,FL
CHF191504100,W,5,0,0,CHI11,SLF,CHF,1,0,brida101,hendc101,2,4,L,R,,,??,,,1,0,0,0,0,0,0,0,0,1,0,0,0,0,0,0,0,0,0,0,0,0,0,0,0,0,0,0,0,0,0,0,0,0,0,0,0,0,0,0,0,0,0,0,0,0,0,0,0,0,0,1,1,,,tobij101,brida101,,tobij101,,,,,,hendc101,hendc101,,hendc101,,,,,,,,,0,0,0,0,0,0,0,0,0,0,0,0,tobij101,brida101,drakd101,bortb101,millw104,hartg102,dealc102,johne102,plane101,9,4,8,3,7,2,5,6,1,wilsa102,beckf101,farrj104,zeidr101,smitj107,mannl101,zwild101,wicka101,0,0,0,0,0,0,0,0,0,0,0,0,0,0,0,0,0,0,0,,0,0,0,0,0,0,0,0,,,0,0,34,finnw901,howeh101,,,,,19150410,regular,full,FL,FL
CHF191504100,FC1.3XH(12);1-2;B-1,5,0,0,CHI11,SLF,CHF,1,0,drakd101,hendc101,3,8,R,R,,,??,,,1,1,0,0,0,0,0,0,0,0,0,0,0,1,0,0,0,1,0,1,0,0,0,0,0,0,0,0,0,0,0,0,0,0,0,0,0,0,0,0,0,0,0,0,0,0,0,0,0,0,0,1,2,brida101,,tobij101,drakd101,brida101,,,,,hendc101,,hendc101,hendc101,hendc101,,,,,,,,,,0,0,0,0,0,0,0,0,0,0,0,0,tobij101,brida101,drakd101,bortb101,millw104,hartg102,dealc102,johne102,plane101,9,4,8,3,7,2,5,6,1,wilsa102,beckf101,farrj104,zeidr101,smitj107,mannl101,zwild101,wicka101,0,0,1,0,0,0,0,0,0,0,1,0,0,0,0,0,0,0,0,12,0,0,0,0,0,0,1,1,1+,G,1,0,35,finnw901,howeh101,,,,,19150410,regular,full,FL,FL
CHF191504100,7/F7D,5,0,0,CHI11,SLF,CHF,1,0,bortb101,hendc101,4,3,L,R,,,??,,,1,1,0,0,0,0,0,0,0,0,0,0,0,0,1,0,1,1,0,0,1,0,0,0,0,0,0,0,0,0,0,0,0,0,0,0,0,0,0,0,0,0,0,0,0,0,0,0,0,0,0,2,3,drakd101,brida101,,,,,brida101,drakd101,,hendc101,hendc101,,,,,,,,,,,,,0,0,0,0,0,0,0,0,0,0,0,0,tobij101,brida101,drakd101,bortb101,millw104,hartg102,dealc102,johne102,plane101,9,4,8,3,7,2,5,6,1,wilsa102,beckf101,farrj104,zeidr101,smitj107,mannl101,zwild101,wicka101,0,0,0,0,0,0,0,1,0,0,0,0,0,0,0,0,0,0,0,7,7,0,0,0,0,0,0,7,7D+,F,0,0,36,finnw901,howeh101,,,,,19150410,regular,full,FL,FL
CHF191504100,43,5,1,1,CHI11,CHF,SLF,1,0,beckf101,plane101,6,3,L,L,,,??,,,1,1,0,0,0,0,0,0,0,0,0,0,0,0,1,0,1,1,0,1,0,0,0,0,0,0,0,0,0,0,0,0,0,0,0,0,0,0,0,0,0,0,0,0,0,0,0,0,0,0,0,0,1,,,,,,,,,,,,,,,,,,,,,,,,0,0,0,0,0,0,0,0,0,0,0,0,wicka101,mannl101,zwild101,wilsa102,zeidr101,beckf101,smitj107,farrj104,hendc101,9,7,8,2,5,3,6,4,1,hartg102,bortb101,brida101,dealc102,johne102,millw104,drakd101,tobij101,0,0,0,1,0,0,0,0,0,0,0,0,0,1,0,0,0,0,0,43,4,0,0,0,0,0,0,4,3+,G,0,0,37,finnw901,howeh101,,,,,19150410,regular,full,FL,FL
CHF191504100,31,5,1,1,CHI11,CHF,SLF,1,0,smitj107,plane101,7,6,B,L,,,??,,,1,1,0,0,0,0,0,0,0,0,0,0,0,0,1,0,1,1,0,1,0,0,0,0,0,0,0,0,0,0,0,0,0,0,0,0,0,0,0,0,0,0,0,0,0,0,0,0,0,0,0,1,2,,,,,,,,,,,,,,,,,,,,,,,,0,0,0,0,0,0,0,0,0,0,0,0,wicka101,mannl101,zwild101,wilsa102,zeidr101,beckf101,smitj107,farrj104,hendc101,9,7,8,2,5,3,6,4,1,hartg102,bortb101,brida101,dealc102,johne102,millw104,drakd101,tobij101,0,1,0,0,0,0,0,0,0,0,0,0,1,0,0,0,0,0,0,31,3,0,0,0,0,0,0,3,3+,G,0,0,38,finnw901,howeh101,,,,,19150410,regular,full,FL,FL
CHF191504100,S7,5,1,1,CHI11,CHF,SLF,1,0,farrj104,plane101,8,4,B,L,,,??,,,1,1,1,0,0,0,0,0,0,0,0,0,0,0,0,0,0,1,0,0,0,0,0,0,0,0,0,0,0,0,0,0,0,0,0,0,0,0,0,0,0,0,0,0,0,0,0,0,0,0,0,2,2,,,,farrj104,,,,,,,,,plane101,,,,,,,,,,,0,0,0,0,0,0,0,0,0,0,0,0,wicka101,mannl101,zwild101,wilsa102,zeidr101,beckf101,smitj107,farrj104,hendc101,9,7,8,2,5,3,6,4,1,hartg102,bortb101,brida101,dealc102,johne102,millw104,drakd101,tobij101,0,0,0,0,0,0,0,0,0,0,0,0,0,0,0,0,0,0,0,,0,0,0,0,0,0,0,7,7+,,0,0,39,finnw901,howeh101,,,,,19150410,regular,full,FL,FL
CHF191504100,43,5,1,1,CHI11,CHF,SLF,1,0,hendc101,plane101,9,1,R,L,,,??,,,1,1,0,0,0,0,0,0,0,0,0,0,0,0,1,0,1,1,0,1,0,0,0,0,0,0,0,0,0,0,0,0,0,0,0,0,0,0,0,0,0,0,0,0,0,0,0,0,0,0,0,2,3,farrj104,,,,,,farrj104,,,plane101,,,,,,,,,,,,,,0,0,0,0,0,0,0,0,0,0,0,0,wicka101,mannl101,zwild101,wilsa102,zeidr101,beckf101,smitj107,farrj104,hendc101,9,7,8,2,5,3,6,4,1,hartg102,bortb101,brida101,dealc102,johne102,millw104,drakd101,tobij101,0,0,0,1,0,0,0,0,0,0,0,0,0,1,0,0,0,0,0,43,4,0,0,0,0,0,0,4,3+,G,0,0,40,finnw901,howeh101,,,,,19150410,regular,full,FL,FL
CHF191504100,9/F9D,6,0,0,CHI11,SLF,CHF,1,0,millw104,hendc101,5,7,L,R,,,??,,,1,1,0,0,0,0,0,0,0,0,0,0,0,0,1,0,1,1,0,0,1,0,0,0,0,0,0,0,0,0,0,0,0,0,0,0,0,0,0,0,0,0,0,0,0,0,0,0,0,0,0,0,1,,,,,,,,,,,,,,,,,,,,,,,,0,0,0,0,0,0,0,0,0,0,0,0,tobij101,brida101,drakd101,bortb101,millw104,hartg102,dealc102,johne102,plane101,9,4,8,3,7,2,5,6,1,wilsa102,beckf101,farrj104,zeidr101,smitj107,mannl101,zwild101,wicka101,0,0,0,0,0,0,0,0,0,1,0,0,0,0,0,0,0,0,0,9,9,0,0,0,0,0,0,9,9D+,F,0,0,41,finnw901,howeh101,,,,,19150410,regular,full,FL,FL
CHF191504100,K,6,0,0,CHI11,SLF,CHF,1,0,hartg102,hendc101,6,2,R,R,,,??,,,1,1,0,0,0,0,0,0,0,0,1,0,0,0,0,0,0,0,0,0,0,0,0,0,0,0,0,0,0,0,0,0,0,0,0,0,0,0,0,0,0,0,0,0,0,0,0,0,0,0,0,1,2,,,,,,,,,,,,,,,,,,,,,,,,0,0,0,0,0,0,0,0,0,0,0,0,tobij101,brida101,drakd101,bortb101,millw104,hartg102,dealc102,johne102,plane101,9,4,8,3,7,2,5,6,1,wilsa102,beckf101,farrj104,zeidr101,smitj107,mannl101,zwild101,wicka101,0,0,1,0,0,0,0,0,0,0,0,0,0,0,0,0,0,0,0,2,0,0,0,0,0,0,0,0,,,0,0,42,finnw901,howeh101,,,,,19150410,regular,full,FL,FL
CHF191504100,7/F,6,0,0,CHI11,SLF,CHF,1,0,dealc102,hendc101,7,5,R,R,,,??,,,1,1,0,0,0,0,0,0,0,0,0,0,0,0,1,0,1,1,0,0,1,0,0,0,0,0,0,0,0,0,0,0,0,0,0,0,0,0,0,0,0,0,0,0,0,0,0,0,0,0,0,2,3,,,,,,,,,,,,,,,,,,,,,,,,0,0,0,0,0,0,0,0,0,0,0,0,tobij101,brida101,drakd101,bortb101,millw104,hartg102,dealc102,johne102,plane101,9,4,8,3,7,2,5,6,1,wilsa102,beckf101,farrj104,zeidr101,smitj107,mannl101,zwild101,wicka101,0,0,0,0,0,0,0,1,0,0,0,0,0,0,0,0,0,0,0,7,7,0,0,0,0,0,0,7,,F,0,0,43,finnw901,howeh101,,,,,19150410,regular,full,FL,FL
CHF191504100,7/F,6,1,1,CHI11,CHF,SLF,1,0,hanfc101,plane101,1,11,R,L,,,??,,,1,1,0,0,0,0,0,0,0,0,0,0,0,0,1,0,1,1,0,0,1,0,0,0,0,0,0,0,0,0,0,0,0,0,0,0,0,0,0,0,0,0,0,0,0,0,0,0,0,0,0,0,1,,,,,,,,,,,,,,,,,,,,,,,,0,0,0,0,0,0,0,0,0,0,0,0,hanfc101,mannl101,zwild101,wilsa102,zeidr101,beckf101,smitj107,farrj104,hendc101,11,7,8,2,5,3,6,4,1,hartg102,bortb101,brida101,dealc102,johne102,millw104,drakd101,tobij101,0,0,0,0,0,0,0,1,0,0,0,0,0,0,0,0,0,0,0,7,7,0,0,0,0,0,0,7,,F,0,0,44,finnw901,howeh101,,,,,19150410,regular,full,FL,FL
CHF191504100,9/F,6,1,1,CHI11,CHF,SLF,1,0,mannl101,plane101,2,7,R,L,,,??,,,1,1,0,0,0,0,0,0,0,0,0,0,0,0,1,0,1,1,0,0,1,0,0,0,0,0,0,0,0,0,0,0,0,0,0,0,0,0,0,0,0,0,0,0,0,0,0,0,0,0,0,1,2,,,,,,,,,,,,,,,,,,,,,,,,0,0,0,0,0,0,0,0,0,0,0,0,hanfc101,mannl101,zwild101,wilsa102,zeidr101,beckf101,smitj107,farrj104,hendc101,11,7,8,2,5,3,6,4,1,hartg102,bortb101,brida101,dealc102,johne102,millw104,drakd101,tobij101,0,0,0,0,0,0,0,0,0,1,0,0,0,0,0,0,0,0,0,9,9,0,0,0,0,0,0,9,,F,0,0,45,finnw901,howeh101,,,,,19150410,regular,full,FL,FL
CHF191504100,D/78,6,1,1,CHI11,CHF,SLF,1,0,zwild101,plane101,3,8,L,L,,,??,,,1,1,0,1,0,0,0,0,0,0,0,0,0,0,0,0,0,1,0,0,0,0,0,0,0,0,0,0,0,0,0,0,0,0,0,0,0,0,0,0,0,0,0,0,0,0,0,0,0,0,0,2,2,,,,,zwild101,,,,,,,,,plane101,,,,,,,,,,0,0,0,0,0,0,0,0,0,0,0,0,hanfc101,mannl101,zwild101,wilsa102,zeidr101,beckf101,smitj107,farrj104,hendc101,11,7,8,2,5,3,6,4,1,hartg102,bortb101,brida101,dealc102,johne102,millw104,drakd101,tobij101,0,0,0,0,0,0,0,0,0,0,0,0,0,0,0,0,0,0,0,,0,0,0,0,0,0,0,7,78+,,0,0,46,finnw901,howeh101,,,,,19150410,regular,full,FL,FL
CHF191504100,43,6,1,1,CHI11,CHF,SLF,1,0,wilsa102,plane101,4,2,R,L,,,??,,,1,1,0,0,0,0,0,0,0,0,0,0,0,0,1,0,1,1,0,1,0,0,0,0,0,0,0,0,0,0,0,0,0,0,0,0,0,0,0,0,0,0,0,0,0,0,0,0,0,0,0,2,3,,zwild101,,,,,zwild101,,,,plane101,,,,,,,,,,,,,0,0,0,0,0,0,0,0,0,0,0,0,hanfc101,mannl101,zwild101,wilsa102,zeidr101,beckf101,smitj107,farrj104,hendc101,11,7,8,2,5,3,6,4,1,hartg102,bortb101,brida101,dealc102,johne102,millw104,drakd101,tobij101,0,0,0,1,0,0,0,0,0,0,0,0,0,1,0,0,0,0,0,43,4,0,0,0,0,0,0,4,3+,G,0,0,47,finnw901,howeh101,,,,,19150410,regular,full,FL,FL
CHF191504100,23,7,0,0,CHI11,SLF,CHF,1,0,johne102,hendc101,8,6,L,R,,,??,,,1,1,0,0,0,0,0,0,0,0,0,0,0,0,1,0,1,1,0,1,0,0,0,0,0,0,0,0,0,0,0,0,0,0,0,0,0,0,0,0,0,0,0,0,0,0,0,0,0,0,0,0,1,,,,,,,,,,,,,,,,,,,,,,,,0,0,0,0,0,0,0,0,0,0,0,0,tobij101,brida101,drakd101,bortb101,millw104,hartg102,dealc102,johne102,plane101,9,4,8,3,7,2,5,6,1,wilsa102,beckf101,farrj104,zeidr101,smitj107,mannl101,zwild101,hanfc101,0,0,0,1,0,0,0,0,0,0,0,1,0,0,0,0,0,0,0,23,2,0,0,0,0,0,0,2,23+,G,0,0,48,finnw901,howeh101,,,,,19150410,regular,full,FL,FL
CHF191504100,K,7,0,0,CHI11,SLF,CHF,1,0,plane101,hendc101,9,1,L,R,,,??,,,1,1,0,0,0,0,0,0,0,0,1,0,0,0,0,0,0,0,0,0,0,0,0,0,0,0,0,0,0,0,0,0,0,0,0,0,0,0,0,0,0,0,0,0,0,0,0,0,0,0,0,1,2,,,,,,,,,,,,,,,,,,,,,,,,0,0,0,0,0,0,0,0,0,0,0,0,tobij101,brida101,drakd101,bortb101,millw104,hartg102,dealc102,johne102,plane101,9,4,8,3,7,2,5,6,1,wilsa102,beckf101,farrj104,zeidr101,smitj107,mannl101,zwild101,hanfc101,0,0,1,0,0,0,0,0,0,0,0,0,0,0,0,0,0,0,0,2,0,0,0,0,0,0,0,0,,,0,0,49,finnw901,howeh101,,,,,19150410,regular,full,FL,FL
CHF191504100,43,7,0,0,CHI11,SLF,CHF,1,0,tobij101,hendc101,1,9,L,R,,,??,,,1,1,0,0,0,0,0,0,0,0,0,0,0,0,1,0,1,1,0,1,0,0,0,0,0,0,0,0,0,0,0,0,0,0,0,0,0,0,0,0,0,0,0,0,0,0,0,0,0,0,0,2,3,,,,,,,,,,,,,,,,,,,,,,,,0,0,0,0,0,0,0,0,0,0,0,0,tobij101,brida101,drakd101,bortb101,millw104,hartg102,dealc102,johne102,plane101,9,4,8,3,7,2,5,6,1,wilsa102,beckf101,farrj104,zeidr101,smitj107,mannl101,zwild101,hanfc101,0,0,0,1,0,0,0,0,0,0,0,0,0,1,0,0,0,0,0,43,4,0,0,0,0,0,0,4,3+,G,0,0,50,finnw901,howeh101,,,,,19150410,regular,full,FL,FL
CHF191504100,S8,7,1,1,CHI11,CHF,SLF,1,0,zeidr101,plane101,5,5,R,L,,,??,,,1,1,1,0,0,0,0,0,0,0,0,0,0,0,0,0,0,1,0,0,0,0,0,0,0,0,0,0,0,0,0,0,0,0,0,0,0,0,0,0,0,0,0,0,0,0,0,0,0,0,0,0,0,,,,zeidr101,,,,,,,,,plane101,,,,,,,,,,,0,0,0,0,0,0,0,0,0,0,0,0,hanfc101,mannl101,zwild101,wilsa102,zeidr101,beckf101,smitj107,farrj104,hendc101,9,7,8,2,5,3,6,4,1,hartg102,bortb101,brida101,dealc102,johne102,millw104,drakd101,tobij101,0,0,0,0,0,0,0,0,0,0,0,0,0,0,0,0,0,0,0,,0,0,0,0,0,0,0,8,8+,,0,0,51,finnw901,howeh101,,,,,19150410,regular,full,FL,FL
CHF191504100,56(1)/FO,7,1,1,CHI11,CHF,SLF,1,0,beckf101,plane101,6,3,L,L,,,??,,,1,1,0,0,0,0,0,0,0,0,0,0,0,0,1,0,1,1,0,1,0,0,0,0,0,0,0,0,0,0,0,0,0,0,0,0,0,0,0,0,0,0,0,0,0,0,0,0,0,0,0,0,1,zeidr101,,,beckf101,,,,,,plane101,,,plane101,,,,,,,,,,,0,0,0,0,0,0,0,0,0,0,0,0,hanfc101,mannl101,zwild101,wilsa102,zeidr101,beckf101,smitj107,farrj104,hendc101,9,7,8,2,5,3,6,4,1,hartg102,bortb101,brida101,dealc102,johne102,millw104,drakd101,tobij101,0,0,0,0,0,0,1,0,0,0,0,0,0,0,1,0,0,0,0,56,5,0,0,0,0,0,0,5,,G,1,6,52,finnw901,howeh101,,,,,19150410,regular,full,FL,FL
CHF191504100,6/P,7,1,1,CHI11,CHF,SLF,1,0,smitj107,plane101,7,6,B,L,,,??,,,1,1,0,0,0,0,0,0,0,0,0,0,0,0,1,0,1,1,0,0,1,0,0,0,0,0,0,0,0,0,0,0,0,0,0,0,0,0,0,0,0,0,0,0,0,0,0,0,0,0,0,1,2,beckf101,,,beckf101,,,,,,plane101,,,plane101,,,,,,,,,,,0,0,0,0,0,0,0,0,0,0,0,0,hanfc101,mannl101,zwild101,wilsa102,zeidr101,beckf101,smitj107,farrj104,hendc101,9,7,8,2,5,3,6,4,1,hartg102,bortb101,brida101,dealc102,johne102,millw104,drakd101,tobij101,0,0,0,0,0,0,1,0,0,0,0,0,0,0,0,0,0,0,0,6,6,0,0,0,0,0,0,6,,P,0,0,53,finnw901,howeh101,,,,,19150410,regular,full,FL,FL
CHF191504100,3/G,7,1,1,CHI11,CHF,SLF,1,0,farrj104,plane101,8,4,B,L,,,??,,,1,1,0,0,0,0,0,0,0,0,0,0,0,0,1,0,1,1,0,1,0,0,0,0,0,0,0,0,0,0,0,0,0,0,0,0,0,0,0,0,0,0,0,0,0,0,0,0,0,0,0,2,3,beckf101,,,,,,beckf101,,,plane101,,,,,,,,,,,,,,0,0,0,0,0,0,0,0,0,0,0,0,hanfc101,mannl101,zwild101,wilsa102,zeidr101,beckf101,smitj107,farrj104,hendc101,9,7,8,2,5,3,6,4,1,hartg102,bortb101,brida101,dealc102,johne102,millw104,drakd101,tobij101,0,0,0,1,0,0,0,0,0,0,0,0,0,0,0,0,0,0,0,3,3,0,0,0,0,0,0,3,,G,0,0,54,finnw901,howeh101,,,,,19150410,regular,full,FL,FL
CHF191504100,E8/F.BX2(84),8,0,0,CHI11,SLF,CHF,1,0,brida101,hendc101,2,4,L,R,,,??,,,1,1,0,0,0,0,0,0,0,0,0,0,1,0,0,0,0,1,0,0,1,0,0,0,0,0,0,0,0,0,0,0,0,0,0,0,0,0,0,0,0,0,0,0,0,0,0,0,0,1,0,0,1,,,,,,,,,,,,,,,,,,,,,,,,0,0,0,0,0,0,0,0,0,0,0,0,tobij101,brida101,drakd101,bortb101,millw104,hartg102,dealc102,johne102,plane101,9,4,8,3,7,2,5,6,1,wilsa102,beckf101,farrj104,zeidr101,smitj107,mannl101,zwild101,hanfc101,0,0,0,0,1,0,0,0,0,0,0,0,0,0,0,0,0,1,0,84,0,0,0,8,0,0,0,8,,F,0,0,55,finnw901,howeh101,,,,,19150410,regular,full,FL,FL
CHF191504100,43,8,0,0,CHI11,SLF,CHF,1,0,drakd101,hendc101,3,8,R,R,,,??,,,1,1,0,0,0,0,0,0,0,0,0,0,0,0,1,0,1,1,0,1,0,0,0,0,0,0,0,0,0,0,0,0,0,0,0,0,0,0,0,0,0,0,0,0,0,0,0,0,0,0,0,1,2,,,,,,,,,,,,,,,,,,,,,,,,0,0,0,0,0,0,0,0,0,0,0,0,tobij101,brida101,drakd101,bortb101,millw104,hartg102,dealc102,johne102,plane101,9,4,8,3,7,2,5,6,1,wilsa102,beckf101,farrj104,zeidr101,smitj107,mannl101,zwild101,hanfc101,0,0,0,1,0,0,0,0,0,0,0,0,0,1,0,0,0,0,0,43,4,0,0,0,0,0,0,4,3+,G,0,0,56,finnw901,howeh101,,,,,19150410,regular,full,FL,FL
CHF191504100,3/G,8,0,0,CHI11,SLF,CHF,1,0,bortb101,hendc101,4,3,L,R,,,??,,,1,1,0,0,0,0,0,0,0,0,0,0,0,0,1,0,1,1,0,1,0,0,0,0,0,0,0,0,0,0,0,0,0,0,0,0,0,0,0,0,0,0,0,0,0,0,0,0,0,0,0,2,3,,,,,,,,,,,,,,,,,,,,,,,,0,0,0,0,0,0,0,0,0,0,0,0,tobij101,brida101,drakd101,bortb101,millw104,hartg102,dealc102,johne102,plane101,9,4,8,3,7,2,5,6,1,wilsa102,beckf101,farrj104,zeidr101,smitj107,mannl101,zwild101,hanfc101,0,0,0,1,0,0,0,0,0,0,0,0,0,0,0,0,0,0,0,3,3,0,0,0,0,0,0,3,,G,0,0,57,finnw901,howeh101,,,,,19150410,regular,full,FL,FL
CHF191504100,D8,8,1,1,CHI11,CHF,SLF,1,0,hendc101,plane101,9,1,R,L,,,??,,,1,1,0,1,0,0,0,0,0,0,0,0,0,0,0,0,0,1,0,0,0,0,0,0,0,0,0,0,0,0,0,0,0,0,0,0,0,0,0,0,0,0,0,0,0,0,0,0,0,0,0,0,0,,,,,hendc101,,,,,,,,,plane101,,,,,,,,,,0,0,0,0,0,0,0,0,0,0,0,0,hanfc101,mannl101,zwild101,wilsa102,zeidr101,beckf101,smitj107,farrj104,hendc101,9,7,8,2,5,3,6,4,1,hartg102,bortb101,brida101,dealc102,johne102,millw104,drakd101,tobij101,0,0,0,0,0,0,0,0,0,0,0,0,0,0,0,0,0,0,0,,0,0,0,0,0,0,0,8,8+,,0,0,58,finnw901,howeh101,,,,,19150410,regular,full,FL,FL
CHF191504100,FC1/SH/TH3.2-3;B-1,8,1,1,CHI11,CHF,SLF,1,0,hanfc101,plane101,1,9,R,L,,,??,,,1,0,0,0,0,0,1,0,0,0,0,0,0,0,0,0,0,1,1,0,0,0,0,0,0,0,0,0,0,0,0,0,0,0,0,0,0,0,0,0,0,0,0,0,0,0,0,0,0,0,0,0,0,,hendc101,,hanfc101,,hendc101,,,,,plane101,,plane101,,plane101,,,,,,,,,0,0,0,0,0,0,0,0,0,0,0,0,hanfc101,mannl101,zwild101,wilsa102,zeidr101,beckf101,smitj107,farrj104,hendc101,9,7,8,2,5,3,6,4,1,hartg102,bortb101,brida101,dealc102,johne102,millw104,drakd101,tobij101,0,0,0,0,0,0,0,0,0,0,1,0,0,0,0,0,0,0,0,1,1,0,0,0,0,0,0,1,,BG,0,0,59,finnw901,howeh101,,,,,19150410,regular,full,FL,FL
CHF191504100,S7.3-H;1-3,8,1,1,CHI11,CHF,SLF,1,0,mannl101,plane101,2,7,R,L,,,??,,,1,1,1,0,0,0,0,0,0,0,0,0,0,0,0,0,0,1,0,0,0,0,0,0,0,0,0,0,0,0,0,0,0,0,0,0,0,0,0,0,0,0,0,0,0,0,0,0,0,0,0,0,0,hanfc101,,hendc101,mannl101,,hanfc101,,,,plane101,,plane101,plane101,,plane101,,,,hendc101,,,,plane101,0,0,0,0,0,0,0,1,1,1,1,0,hanfc101,mannl101,zwild101,wilsa102,zeidr101,beckf101,smitj107,farrj104,hendc101,9,7,8,2,5,3,6,4,1,hartg102,bortb101,brida101,dealc102,johne102,millw104,drakd101,tobij101,0,0,0,0,0,0,0,0,0,0,0,0,0,0,0,0,0,0,0,,0,0,0,0,0,0,0,7,7+,,0,0,60,finnw901,howeh101,,,,,19150410,regular,full,FL,FL
CHF191504100,K,8,1,1,CHI11,CHF,SLF,1,1,zwild101,plane101,3,8,L,L,,,??,,,1,1,0,0,0,0,0,0,0,0,1,0,0,0,0,0,0,0,0,0,0,0,0,0,0,0,0,0,0,0,0,0,0,0,0,0,0,0,0,0,0,0,0,0,0,0,0,0,0,0,0,0,1,mannl101,,hanfc101,mannl101,,hanfc101,,,,plane101,,plane101,plane101,,plane101,,,,,,,,,0,0,0,0,0,0,0,0,0,0,0,0,hanfc101,mannl101,zwild101,wilsa102,zeidr101,beckf101,smitj107,farrj104,hendc101,9,7,8,2,5,3,6,4,1,hartg102,bortb101,brida101,dealc102,johne102,millw104,drakd101,tobij101,0,0,1,0,0,0,0,0,0,0,0,0,0,0,0,0,0,0,0,2,0,0,0,0,0,0,0,0,,,0,0,61,finnw901,howeh101,,,,,19150410,regular,full,FL,FL
CHF191504100,S8/L.3-H;1-3,8,1,1,CHI11,CHF,SLF,1,1,wilsa102,plane101,4,2,R,L,,,??,,,1,1,1,0,0,0,0,0,0,0,0,0,0,0,0,0,0,1,0,0,0,1,0,0,0,0,0,0,0,0,0,0,0,0,0,0,0,0,0,0,0,0,0,0,0,0,0,0,0,0,0,1,1,mannl101,,hanfc101,wilsa102,,mannl101,,,,plane101,,plane101,plane101,,plane101,,,,hanfc101,,,,plane101,0,0,0,0,0,0,0,1,1,1,1,0,hanfc101,mannl101,zwild101,wilsa102,zeidr101,beckf101,smitj107,farrj104,hendc101,9,7,8,2,5,3,6,4,1,hartg102,bortb101,brida101,dealc102,johne102,millw104,drakd101,tobij101,0,0,0,0,0,0,0,0,0,0,0,0,0,0,0,0,0,0,0,,0,0,0,0,0,0,0,8,,L,0,0,62,finnw901,howeh101,,,,,19150410,regular,full,FL,FL
CHF191504100,13/SH.3-H;1-2,8,1,1,CHI11,CHF,SLF,1,2,zeidr101,plane101,5,5,R,L,,,??,,,1,0,0,0,0,0,1,0,0,0,0,0,0,0,0,0,0,1,1,0,0,0,0,0,0,0,0,0,0,0,0,0,0,0,0,0,0,0,0,0,0,0,0,0,0,0,0,0,0,0,0,1,2,wilsa102,,mannl101,,wilsa102,,,,,plane101,,plane101,,plane101,,,,,mannl101,,,,plane101,0,0,0,0,0,0,0,1,1,1,1,0,hanfc101,mannl101,zwild101,wilsa102,zeidr101,beckf101,smitj107,farrj104,hendc101,9,7,8,2,5,3,6,4,1,hartg102,bortb101,brida101,dealc102,johne102,millw104,drakd101,tobij101,0,0,0,1,0,0,0,0,0,0,1,0,0,0,0,0,0,0,0,13,1,0,0,0,0,0,0,1,,BG,0,0,63,finnw901,howeh101,,,,,19150410,regular,full,FL,FL
CHF191504100,2/P,8,1,1,CHI11,CHF,SLF,1,3,beckf101,plane101,6,3,L,L,,,??,,,1,1,0,0,0,0,0,0,0,0,0,0,0,0,1,0,1,1,0,0,1,0,0,0,0,0,0,0,0,0,0,0,0,0,0,0,0,0,0,0,0,0,0,0,0,0,0,0,0,0,0,2,3,,wilsa102,,,,,wilsa102,,,,plane101,,,,,,,,,,,,,0,0,0,0,0,0,0,0,0,0,0,0,hanfc101,mannl101,zwild101,wilsa102,zeidr101,beckf101,smitj107,farrj104,hendc101,9,7,8,2,5,3,6,4,1,hartg102,bortb101,brida101,dealc102,johne102,millw104,drakd101,tobij101,0,0,1,0,0,0,0,0,0,0,0,0,0,0,0,0,0,0,0,2,2,0,0,0,0,0,0,2,,P,0,0,64,finnw901,howeh101,,,,,19150410,regular,full,FL,FL
CHF191504100,S8,9,0,0,CHI11,SLF,CHF,1,3,millw104,hendc101,5,7,L,R,,,??,,,1,1,1,0,0,0,0,0,0,0,0,0,0,0,0,0,0,1,0,0,0,0,0,0,0,0,0,0,0,0,0,0,0,0,0,0,0,0,0,0,0,0,0,0,0,0,0,0,0,0,0,0,0,,,,millw104,,,,,,,,,hendc101,,,,,,,,,,,0,0,0,0,0,0,0,0,0,0,0,0,tobij101,brida101,drakd101,bortb101,millw104,hartg102,dealc102,johne102,plane101,9,4,8,3,7,2,5,6,1,wilsa102,beckf101,farrj104,zeidr101,smitj107,mannl101,zwild101,hanfc101,0,0,0,0,0,0,0,0,0,0,0,0,0,0,0,0,0,0,0,,0,0,0,0,0,0,0,8,8+,,0,0,65,finnw901,howeh101,,,,,19150410,regular,full,FL,FL
CHF191504100,53.1-2,9,0,0,CHI11,SLF,CHF,1,3,hartg102,hendc101,6,2,R,R,,,??,,,1,1,0,0,0,0,0,0,0,0,0,0,0,0,1,0,1,1,0,1,0,0,0,0,0,0,0,0,0,0,0,0,0,0,0,0,0,0,0,0,0,0,0,0,0,0,0,0,0,0,0,0,1,millw104,,,,millw104,,,,,hendc101,,,,hendc101,,,,,,,,,,0,0,0,0,0,0,0,0,0,0,0,0,tobij101,brida101,drakd101,bortb101,millw104,hartg102,dealc102,johne102,plane101,9,4,8,3,7,2,5,6,1,wilsa102,beckf101,farrj104,zeidr101,smitj107,mannl101,zwild101,hanfc101,0,0,0,1,0,0,0,0,0,0,0,0,0,0,1,0,0,0,0,53,5,0,0,0,0,0,0,5,3+,G,0,0,66,finnw901,howeh101,,,,,19150410,regular,full,FL,FL
CHF191504100,13.2-3,9,0,0,CHI11,SLF,CHF,1,3,crand101,hendc101,7,11,R,R,,,??,,,1,1,0,0,0,0,0,0,0,0,0,0,0,0,1,0,1,1,0,1,0,0,0,0,0,0,0,0,0,0,0,0,0,0,0,0,0,0,0,0,0,0,0,0,0,0,0,0,0,0,0,1,2,,millw104,,,,millw104,,,,,hendc101,,,,hendc101,,,,,,,,,0,0,0,0,0,0,0,0,0,0,0,0,tobij101,brida101,drakd101,bortb101,millw104,hartg102,crand101,johne102,plane101,9,4,8,3,7,2,11,6,1,wilsa102,beckf101,farrj104,zeidr101,smitj107,mannl101,zwild101,hanfc101,0,0,0,1,0,0,0,0,0,0,1,0,0,0,0,0,0,0,0,13,1,0,0,0,0,0,0,1,13+,G,0,0,67,finnw901,howeh101,,,,,19150410,regular,full,FL,FL
CHF191504100,K,9,0,0,CHI11,SLF,CHF,1,3,johne102,hendc101,8,6,L,R,,,??,,,1,1,0,0,0,0,0,0,0,0,1,0,0,0,0,0,0,0,0,0,0,0,0,0,0,0,0,0,0,0,0,0,0,0,0,0,0,0,0,0,0,0,0,0,0,0,0,0,0,0,0,2,3,,,millw104,,,,millw104,,,,,hendc101,,,,,,,,,,,,0,0,0,0,0,0,0,0,0,0,0,0,tobij101,brida101,drakd101,bortb101,millw104,hartg102,crand101,johne102,plane101,9,4,8,3,7,2,11,6,1,wilsa102,beckf101,farrj104,zeidr101,smitj107,mannl101,zwild101,hanfc101,0,0,1,0,0,0,0,0,0,0,0,0,0,0,0,0,0,0,0,2,0,0,0,0,0,0,0,0,,,0,0,68,finnw901,howeh101,,,,,19150410,regular,full,FL,FL
